Nuet34A.1.mpg	572
Nuet47A.1.mpg	437
Nuet29A.1.mpg	735
Nuet22A.1.mpg	541
Nuet41B.1.mpg	600
Nuet17A.1.mpg	621
Nuet38A.1.mpg	554
Nuet15B.1.mpg	274
Nuet32A.1.mpg	526
Nuet15A.1.mpg	621
Nuet19E.1.mpg	620
Nuet41A.1.mpg	530
Nuet28A.1.mpg	641
Nuet49A.1.mpg	527
Nuet40.1.mpg	690
Nuet37.1.mpg	682
Nuet103C.1.mpg	609
Nuet88.1.mpg	533
Nuet99A.1.mpg	579
Nuet101A.1.mpg	530
Nuet94B.1.mpg	642
Nuet96A.1.mpg	580
Nuet102A.1.mpg	631
Nuet93A.1.mpg	588
Nuet97A.1.mpg	531
Nuet92A.1.mpg	649
Nuet100C.1.mpg	694
Nuet100A.1.mpg	599
Nuet89A.1.mpg	570
Nuet91A.1.mpg	705
Nuet87A.1.mpg	603
Nuet98A.1.mpg	535
Nuet90A.1.mpg	620
Nuet103B.1.mpg	634
Nuet94A.1.mpg	512
Nuet103A.1.mpg	652
Nuet95A.1.mpg	503
Nuet104-6.1.mpg	623
Nuet104-3.1.mpg	433
Nuet104-1.1.mpg	484
Nuet104-5.1.mpg	560
Nuet104-2.1.mpg	429
Nuet104-4.1.mpg	545
Nuet13A.1.mpg	607
Nuet6A.1.mpg	587
Nuet12.1.mpg	609
Nuet7B.1.mpg	698
Nuet4A.1.mpg	552
Nuet2A.1.mpg	737
Nuet3A.1.mpg	533
Nuet10A.1.mpg	578
Nuet1A.1.mpg	691
Nuet11A.1.mpg	594
Nuet9A.1.mpg	564
Nuet7A.1.mpg	607
Nuet8A.1.mpg	564
Nuet50A.1.mpg	510
Nuet61A.1.mpg	541
Nuet59A.1.mpg	559
Nuet58.1.mpg	560
Nuet51A.1.mpg	477
Nuet71A.1.mpg	648
Nuet83A.1.mpg	651
Nuet55D.1.mpg	736
Nuet86A.1.mpg	494
Nuet79A.1.mpg	605
Nuet75A.1.mpg	527
Nuet52A.1.mpg	530
Nuet78A.1.mpg	464
Nuet85A.1.mpg	519
Nuet69A.1.mpg	730
Nuet67C.1.mpg	628
Nuet63A.1.mpg	506
Nuet74A.1.mpg	576
Nuet57A.1.mpg	572
Nuet77A.1.mpg	599
Nuet70A.1.mpg	584
Nuet76A.1.mpg	608
Nuet53A.1.mpg	499
Nuet66A.1.mpg	621
Nuet67A.1.mpg	700
Nuet72A.1.mpg	507
Nuet64A.1.mpg	533
Nuet65A.1.mpg	643
Nuet60A.1.mpg	596
Nuet62A.1.mpg	580
Nuet68B.1.mpg	591
Nuet73A.1.mpg	550
Nuet56.1.mpg	576
Nuet54A.1.mpg	747
Nuet87B.1.mpg	666
Nuet66B.1.mpg	513
Nuet84A.1.mpg	527
Nuet63B.1.mpg	834
Nuet81C.1.mpg	748
Nuet82A.1.mpg	597
Nuet81A.1.mpg	575
Nuet80A.1.mpg	476
Nuet66D.1.mpg	809
Nuet68A.1.mpg	545
Nuet55A.1.mpg	675
Nuet64B.1.mpg	535
Kino280A.1.mpg	705
Kino68A.1.mpg	618
Kino213B.1.mpg	903
Kino87.1.mpg	898
Kino88.1.mpg	662
Kino50.1.mpg	728
Kino69.1.mpg	803
Kino49.1.mpg	960
Kino295A-B.1.mpg	1149
Kino247A-B.1.mpg	1053
Kino180.1.mpg	306
Kino166B.1.mpg	493
Kino130.1.mpg	610
Kino309.1.mpg	601
Kino114.1.mpg	798
Kino308.1.mpg	691
Kino275.1.mpg	944
Kino131A-B.1.mpg	1546
Kino183.1.mpg	304
Kino292.1.mpg	749
Kino269.1.mpg	704
Kino197C.1.mpg	640
Kino140.1.mpg	926
Kino202.1.mpg	730
Kino146A-B.1.mpg	1470
Kino230.1.mpg	664
Kino192.1.mpg	529
Kino273.1.mpg	677
Kino241.1.mpg	889
Kino61.1.mpg	901
Kino141.1.mpg	327
Kino267.1.mpg	643
Kino245.1.mpg	723
Kino268.1.mpg	658
Kino256.1.mpg	592
Kino277.1.mpg	744
Kino266.1.mpg	674
Kino614.1.mpg	707
Kino47.1.mpg	649
Kino155A.1.mpg	620
Kino70C.1.mpg	556
Kino248.1.mpg	894
Kino242.1.mpg	720
Kino70B.1.mpg	441
Kino70A.1.mpg	563
Kino197B.1.mpg	833
Kino84.1.mpg	256
Kino190C.1.mpg	520
Kino59.1.mpg	661
Kino121.1.mpg	780
Kino306A-D.1.mpg	2648
Kino252.1.mpg	669
Kino279.1.mpg	443
Kino286.1.mpg	567
Kino194B.1.mpg	626
Kino196.1.mpg	469
Kino220.1.mpg	898
Kino290.1.mpg	584
Kino255.1.mpg	863
Kino199.1.mpg	767
Kino177A.1.mpg	635
Kino223.1.mpg	585
Kino72.1.mpg	808
Kino212.1.mpg	805
Kino224.1.mpg	789
Kino251.1.mpg	703
Kino182C.1.mpg	609
Kino73.1.mpg	728
Kino222.1.mpg	876
Kino194C.1.mpg	587
Kino250.1.mpg	633
Kino253.1.mpg	739
Kino19.1.mpg	382
Kino54.1.mpg	779
Kino254.1.mpg	808
Kino323A-B.1.mpg	888
Kino349.1.mpg	510
Kino133.1.mpg	430
Kino166A.1.mpg	620
Kino324A-B.1.mpg	486
Kino179C.1.mpg	224
Kino111A-I.1.mpg	4734
Kino178B.1.mpg	469
Kino179B.1.mpg	594
Kino178A.1.mpg	649
Kino179A.1.mpg	574
Kino143D.1.mpg	271
Kino237A.1.mpg	596
Kino237B.1.mpg	523
Kino80.1.mpg	639
Kino44.1.mpg	573
Kino37.1.mpg	438
Kino7.1.mpg	483
Kino214.1.mpg	760
Kino167.1.mpg	706
Kino289A-C.1.mpg	1816
Kino297A-D.1.mpg	2067
Kino327A-C.1.mpg	1534
Kino318.1.mpg	283
Kino319B.1.mpg	612
Kino284.1.mpg	660
Kino319D.1.mpg	470
Kino271.1.mpg	666
Kino197D.1.mpg	700
Kino68B.1.mpg	767
Kino319A.1.mpg	594
Kino67.1.mpg	746
Kino319C.1.mpg	617
Kino283.1.mpg	657
Kino278.1.mpg	661
Kino310A-B.1.mpg	915
Kino221A-E.1.mpg	2986
Kino131A.1.mpg	861
Kino110.1 Tecknad reklamfilm 1926.mpg	624
Kino299A-B.1.mpg	1241
Kino14.1.mpg	575
Kino303AB.1.mpg	1017
Kino46.1.mpg	730
Kino86.1.mpg	948
Kino43.1.mpg	586
Kino75.1.mpg	742
Kino28.1.mpg	526
Kino45.1.mpg	792
Kino231.1.mpg	607
Kino270.1.mpg	609
Kino195.1.mpg	639
Kino232.1.mpg	637
Kino13B.1.mpg	484
Kino194D.1.mpg	607
Kino257.1.mpg	575
Kino265.1.mpg	749
Kino18.1.mpg	323
Kino13A.1.mpg	702
Kino177B.1.mpg	592
Kino13E.1.mpg	266
Kino13C.1.mpg	578
Kino13D.1.mpg	583
Kino176.1.mpg	724
Kino320A-B.1.mpg	784
Kino264.1.mpg	623
Kino9.1.mpg	671
Kino249.1.mpg	780
Kino83.1.mpg	729
Kino85.1.mpg	755
Kino229.1.mpg	630
Kino263.1.mpg	593
Kino236.1.mpg	801
Kino200.1.mpg	731
Kino313A.1.mpg	565
Kino282.1.mpg	453
Kino316.1.mpg	782
Kino233.1.mpg	419
Kino246.1.mpg	561
Kino185.1.mpg	544
Kino30.1.mpg	664
Kino313B.1.mpg	826
Kino193.1.mpg	652
Kino226.1.mpg	909
Kino225.1.mpg	605
Kino211.1.mpg	530
Kino351.1.mpg	344
Kino298D.1.mpg	513
Kino82.1.mpg	483
Kino298B.1.mpg	373
Kino298C.1.mpg	601
Kino298A.1.mpg	677
Kino325A-B.1.mpg	1180
Kino41.1.mpg	702
Kino48.1.mpg	484
Kino40.1.mpg	925
Kino326.1.mpg	946
Kino201.1.mpg	694
Kino190A.1.mpg	593
Kino190B.1.mpg	181
Kino198.1.mpg	749
Kino191.1.mpg	637
Kino38.1.mpg	626
Kino197A.1.mpg	691
Kino238.1.mpg	737
Kino259.1.mpg	834
Kino296A-D.1.mpg	1968
Kino272.1.mpg	758
Kino301.1.mpg	696
Kino258.1.mpg	502
Kino132.1.mpg	758
Kino291A-B.1.mpg	1072
Kino302A-B.1.mpg	1078
Kino228.1.mpg	857
Kino312C.1.mpg	454
Kino322A-B.1.mpg	1324
Kino244.1.mpg	955
Kino293.1.mpg	612
Kino62.1.mpg	691
Kino194A.1.mpg	648
Kino261A-B.1.mpg	1322
Kino78.1.mpg	622
Kino240.1.mpg	964
Kino53B.1.mpg	411
Kino182B.1.mpg	624
Kino239.1.mpg	520
Kino53A.1.mpg	606
Kino31.1.mpg	758
Kino165.1.mpg	1014
Kino243.1.mpg	925
Kino51.1.mpg	908
Kino274B.1.mpg	559
Kino274C.1.mpg	610
Kino274A.1.mpg	550
Kino274D.1.mpg	760
Kino276A.1.mpg	482
Kino213A.1.mpg	932
Kino321A-B.1.mpg	728
SF2921.1.mpg	674
SF1083B.1.mpg	630
SF1087A.1.mpg	562
SF2671B.1.mpg	574
SF2734.1.mpg	411
SF1112.1.mpg	921
SF1107C.1.mpg	679
SF1113B.1.mpg	492
SF2916.1.mpg	670
SF1094B.1.mpg	347
SF1084.1.mpg	593
SF1083A.1.mpg	612
SF2671A.1.mpg	428
SF1107D.1.mpg	563
SF1107A.1.mpg	603
SF1091A.1.mpg	497
SF1106B.1.mpg	530
SF2739B.1.mpg	584
SF1092.1.mpg	642
SF2671C.1.mpg	535
SF2815.1.mpg	762
SF2936.1.mpg	570
SF1079A.1.mpg	560
SF1082A.1.mpg	639
SF1091B.1.mpg	636
SF1093.1.mpg	607
SF1102B.1.mpg	390
SF1100.1.mpg	738
SF1109.1.mpg	770
SF1105A.1.mpg	512
SF1991E.1.mpg	478
SF1094C.1.mpg	684
SF1086.1.mpg	487
SF2733.1.mpg	513
SF1078B.1.mpg	510
SF1089.1.mpg	801
SF1098A.1.mpg	687
SF2914.1.mpg	670
SF2920.1.mpg	462
SF1991C.1.mpg	513
SF2926A-D.1.mpg	2360
SF2692.1.mpg	789
SF1104B.1.mpg	612
SF2794.1.mpg	621
SF1096B.1.mpg	321
SF1111C.1.mpg	718
SF1095.1.mpg	659
SF1081.1.mpg	804
SF1107B.1.mpg	327
SF1875A-C.1.mpg	1614
SF1108.1.mpg	629
SF1099A.1.mpg	629
SF1991A.1.mpg	744
SF2721.1.mpg	432
SF1099D.1.mpg	709
SF1111A.1.mpg	491
SF1096A.1.mpg	623
SF1078A.1.mpg	849
SF1991D.1.mpg	493
SF2742A.1.mpg	681
SF1102A.1.mpg	466
SF1090.1.mpg	629
SF1102C.1.mpg	621
SF1099B.1.mpg	560
SF1110.1.mpg	681
SF2720.1.mpg	371
SF1991B.1.mpg	552
SF1103.1.mpg	578
SF1099C.1.mpg	569
SF1111B.1.mpg	674
SF1104A.1.mpg	483
SF2924.1.mpg	501
SF2949.1.mpg	685
SF1087B.1.mpg	722
SF2735B.1.mpg	468
SF1105B.1.mpg	704
SF1088.1.mpg	667
SF1085.1.mpg	651
SF1101.1.mpg	610
SF1099E.1.mpg	573
SF2735A.1.mpg	522
SF1097.1.mpg	738
SF1104C.1.mpg	368
SF1094A.1.mpg	578
SF1113C.1.mpg	773
SF2799.1.mpg	887
SF1106A.1.mpg	629
SF2956.1.mpg	757
SF2915.1.mpg	662
SF2740.1.mpg	542
SF2741.1.mpg	510
SF1525.1.mpg	705
SF1534.1.mpg	656
SF1552.1.mpg	682
SF1532.1.mpg	805
SF1547.1.mpg	720
SF3358.1.mpg	571
SF1556.1.mpg	629
SF1526B.1.mpg	589
SF1545.1.mpg	345
SF1535.1.mpg	861
SF1549.1.mpg	700
SF1523A.1.mpg	517
SF1524B.1.mpg	584
SF1522A.1.mpg	612
SF1536.1.mpg	603
SF1526C.1.mpg	318
SF1527.1.mpg	716
SF1539A.1.mpg	600
SF1561.1.mpg	583
SF3131.1.mpg	455
SF1541A.1.mpg	515
SF1543.1.mpg	514
SF1564A.1.mpg	615
SF1520.1.mpg	628
SF1519.1.mpg	623
SF1531A.1.mpg	875
SF1555.1.mpg	772
SF1553.1.mpg	758
SF1523B.1.mpg	449
SF3253B.1.mpg	544
SF1521.1.mpg	693
SF1560.1.mpg	489
SF1526A.1.mpg	636
SF3253D.1.mpg	616
SF1542A.1.mpg	292
SF1533.1.mpg	933
SF3253C.1.mpg	578
SF1529A.1.mpg	510
SF1558B.1.mpg	900
SF3245.1.mpg	833
SF1540A.1.mpg	335
SF1544A.1.mpg	336
SF1563.1.mpg	576
SF1558A.1.mpg	667
SF1559.1.mpg	729
SF1524A.1.mpg	484
SF1516B.1.mpg	471
SF1562.1.mpg	530
SF3243.1.mpg	529
SF1557.1.mpg	324
SF1518.1.mpg	608
SF3253A.1.mpg	383
SF3244.1.mpg	777
SF1564B.1.mpg	701
SF1550B-C.1.mpg	1016
SF1531B.1.mpg	570
SF1528A.1.mpg	751
SF1522B.1.mpg	651
SF3103A-C.1.mpg	1607
SF1546.1.mpg	584
SF3318.1.mpg	550
SF1554.1.mpg	633
SF1550A.1.mpg	429
SF1530.1.mpg	764
SF1529B.1.mpg	443
SF1537.1.mpg	778
SF1548.1.mpg	613
SF1551.1.mpg	744
SF1538.1.mpg	542
SF505.1.mpg	689
SF1636.1.mpg	713
SF1650.1.mpg	697
SF3293.1.mpg	681
SF1634.1.mpg	801
SF1621A.1.mpg	781
SF1612A.1.mpg	265
SF1647A.1.mpg	812
SF1628.1.mpg	653
SF1611.1.mpg	663
SF1617.1.mpg	629
SF1609.1.mpg	692
SF1616B.1.mpg	351
SF1638.1.mpg	695
SF1610.1.mpg	715
SF1624B.1.mpg	446
SF1641.1.mpg	673
SF1614.1.mpg	808
SF1621B.1.mpg	748
SF1639.1.mpg	704
SF1619.1.mpg	666
SF1624A.1.mpg	540
SF1635A.1.mpg	509
SF3298A-B.1.mpg	817
SF1627.1.mpg	485
SF1606C.1.mpg	832
SF1640.1.mpg	621
SF3261A-E.1.mpg	2699
SF3295.1.mpg	530
SF1647B.1.mpg	781
SF1616A.1.mpg	482
SF1626B.1.mpg	675
SF1618A.1.mpg	657
SF1623.1.mpg	612
SF1637A.1.mpg	775
SF2822.1.mpg	837
SF1629A.1.mpg	356
SF1646.1.mpg	544
SF3294.1.mpg	655
SF1612B.1.mpg	529
SF1626A.1.mpg	684
SF1644.1.mpg	722
SF1649.1.mpg	639
SF1648.1.mpg	615
SF1645.1.mpg	627
SF1625.1.mpg	683
SF1643.1.mpg	794
SF1608.1.mpg	653
SF1633A.1.mpg	663
SF1607B.1.mpg	354
SF1629C.1.mpg	881
SF3219.1.mpg	572
SF3292.1.mpg	570
SF1642.1.mpg	434
SF1622A.1.mpg	913
SF1630A.1.mpg	792
SF1631A.1.mpg	627
SF1632.1.mpg	753
SF1613.1.mpg	903
SF1620.1.mpg	596
SF3304.1.mpg	498
SF2851.1.mpg	725
SF2868A-E.1.mpg	2157
SF1926.1.mpg	881
SF2885A.1.mpg	486
SF2878.1.mpg	811
SF969.1.mpg	482
SF970B.1.mpg	523
SF2906.1.mpg	612
SF982B.1.mpg	298
SF2673.1.mpg	424
SF975C.1.mpg	458
SF1965.1.mpg	699
SF996B.1.mpg	618
SF977B.1.mpg	556
SF990C.1.mpg	792
SF2873.1.mpg	565
SF1003B.1.mpg	665
SF970A.1.mpg	375
SF2792.1.mpg	582
SF994C.1.mpg	453
SF983A.1.mpg	689
SF985A.1.mpg	617
SF3210.1.mpg	506
SF3169A.1.mpg	545
SF981.1.mpg	478
SF979.1.mpg	610
SF999.1.mpg	466
SF980.1.mpg	531
SF987A.1.mpg	518
SF3211.1.mpg	764
SF3174A-C.1.mpg	1680
SF973.1.mpg	622
SF1966.1.mpg	585
SF3353.1.mpg	492
SF990B.1.mpg	748
SF1000.1.mpg	775
SF986C.1.mpg	772
SF3364.1.mpg	4430
SF2866.1.mpg	745
SF2976.1.mpg	760
SF1001A.1.mpg	784
SF978.1.mpg	903
SF975A.1.mpg	601
SF998.1.mpg	588
SF984.1.mpg	833
SF1001B.1.mpg	514
SF971.1.mpg	651
SF3170A.1.mpg	603
SF1002.1.mpg	519
SF2884.1.mpg	606
SF2895.1.mpg	509
SF1820.1.mpg	481
SF3169B.1.mpg	538
SF986B.1.mpg	695
SF1004.1.mpg	483
SF2677A-B.1.mpg	909
SF995.1.mpg	675
SF2784.1.mpg	346
SF982E.1.mpg	746
SF2885B-C.1.mpg	1181
SF2875.1.mpg	530
SF990A.1.mpg	742
SF2676.1.mpg	725
SF1925A-B.1.mpg	1612
SF972.1.mpg	304
SF3208.1.mpg	674
SF2883.1.mpg	421
SF988.1.mpg	553
SF967B.1.mpg	694
SF976.1.mpg	438
SF2874.1.mpg	593
SF2739A.1.mpg	590
SF993A.1.mpg	537
SF982F.1.mpg	441
SF994A.1.mpg	436
SF977A.1.mpg	558
SF986A.1.mpg	586
SF2879.1.mpg	912
SF2872.1.mpg	669
SF993B.1.mpg	549
SF994B.1.mpg	528
SF996A.1.mpg	768
SF2687.1.mpg	931
SF970C.1.mpg	408
SF974A.1.mpg	620
SF3215.1.mpg	714
SF3170B.1.mpg	738
SF2846.1.mpg	987
SF2876.1.mpg	633
SF991.1.mpg	612
SF2670A-D.1.mpg	2532
SF982A.1.mpg	470
SF985B.1.mpg	435
SF974B.1.mpg	656
SF2882.1.mpg	580
SF997.1.mpg	460
SF982D.1.mpg	598
SF989.1.mpg	586
SF1003A.1.mpg	414
SF966B.1.mpg	596
SF3212.1.mpg	546
SF2867.1.mpg	550
SF992A.1.mpg	649
SF975B.1.mpg	792
SF2736.1.mpg	677
SF1724.1.mpg	718
SF1709A.1.mpg	620
SF1690.1.mpg	580
SF1694.1.mpg	697
SF1716.1.mpg	701
SF1699.1.mpg	571
SF1718.1.mpg	777
SF2657.1.mpg	828
SF1725.1.mpg	685
SF1713.1.mpg	680
SF1693.1.mpg	700
SF1708.1.mpg	524
SF1689.1.mpg	707
SF1704A.1.mpg	803
SF1704B.1.mpg	852
SF1722.1.mpg	529
SF1692.1.mpg	689
SF1717.1.mpg	678
SF2830.1.mpg	693
SF1706.1.mpg	639
SF1721A.1.mpg	565
SF1714.1.mpg	682
SF1715.1.mpg	702
SF1711.1.mpg	672
SF1691.1.mpg	780
SF1712A.1.mpg	671
SF1728.1.mpg	465
SF3252B.1.mpg	523
SF1726.1.mpg	422
SF1697.1.mpg	848
SF1700.1.mpg	702
SF1698.1.mpg	766
SF1696.1.mpg	603
SF1720.1.mpg	554
SF1721C.1.mpg	871
SF1695.1.mpg	626
SF1710.1.mpg	762
SF2823A-B.1.mpg	1271
SF1705.1.mpg	509
SF1703.1.mpg	778
SF1721B.1.mpg	723
SF1701A.1.mpg	673
SF3252A.1.mpg	513
SF1727.1.mpg	730
SF1723.1.mpg	526
SF1707.1.mpg	660
SF1719.1.mpg	789
SF1702.1.mpg	817
SF1709B.1.mpg	644
SF934.1.mpg	469
SF943A.1.mpg	423
SF3193B.1.mpg	470
SF2666B.1.mpg	656
SF940A.1.mpg	341
SF926B.1.mpg	857
SF938B.1.mpg	343
SF938A.1.mpg	744
SF2893.1.mpg	596
SF946B.1.mpg	544
SF951.1.mpg	771
SF931B.1.mpg	431
SF939A.1.mpg	625
SF936A.1.mpg	521
SF943C.1.mpg	585
SF927B.1.mpg	598
SF2865.1.mpg	831
SF963.1.mpg	612
SF948.1.mpg	418
SF3203.1.mpg	369
SF949A.1.mpg	485
SF932A.1.mpg	625
SF949B.1.mpg	416
SF933B.1.mpg	541
SF945A.1.mpg	414
SF959.1.mpg	686
SF942.1.mpg	508
SF2796.1.mpg	480
SF941.1.mpg	647
SF953B.1.mpg	594
SF2844A-B.1.mpg	1037
SF955D.1.mpg	623
SF933A.1.mpg	369
SF3193A.1.mpg	592
SF929.1.mpg	373
SF927A.1.mpg	493
SF930A.1.mpg	788
SF955B.1.mpg	362
SF962.1.mpg	670
SF961.1.mpg	424
SF932C.1.mpg	467
SF964A.1.mpg	432
SF957.1.mpg	511
SF945B.1.mpg	366
SF953C.1.mpg	683
SF955C.1.mpg	580
SF935.1.mpg	760
SF953A.1.mpg	443
SF950.1.mpg	623
SF952.1.mpg	629
SF932B.1.mpg	619
SF3213.1.mpg	684
SF936B.1.mpg	258
SF945E.1.mpg	539
SF964B.1.mpg	619
SF947A.1.mpg	430
SF3214.1.mpg	492
SF930B.1.mpg	791
SF945F.1.mpg	812
SF945D.1.mpg	618
SF960A.1.mpg	708
SF2703.1.mpg	879
SF965.1.mpg	417
SF956A.1.mpg	772
SF3195.1.mpg	390
SF2791.1.mpg	533
SF946A.1.mpg	529
SF945C.1.mpg	601
SF931A.1.mpg	396
SF958A.1.mpg	465
SF937.1.mpg	484
SF928.1.mpg	394
SF955A.1.mpg	589
SF954.1.mpg	589
SF1835.1.mpg	545
SF1822.1.mpg	637
SF1830.1.mpg	599
SF1837.1.mpg	621
SF1821A.1.mpg	669
SF1811.1.mpg	561
SF1814.1.mpg	592
SF1832A.1.mpg	409
SF1813.1.mpg	586
SF1841.1.mpg	746
SF1817.1.mpg	640
SF1809.1.mpg	543
SF1826.1.mpg	668
SF1840.1.mpg	578
SF1833.1.mpg	533
SF1824A.1.mpg	830
SF1818.1.mpg	585
SF1828.1.mpg	632
SF1836.1.mpg	517
SF1831.1.mpg	535
SF1842.1.mpg	757
SF1823.1.mpg	696
SF1832B.1.mpg	775
SF1819.1.mpg	1132
SF1815.1.mpg	601
SF1824B.1.mpg	578
SF1816.1.mpg	578
SF1839A.1.mpg	614
SF1834.1.mpg	638
SF1829.1.mpg	702
SF1827.1.mpg	734
SF1810.1.mpg	712
SF1838A.1.mpg	634
SF1808.1.mpg	606
SF1210.1.mpg	297
SF1207.1.mpg	562
SF1238.1.mpg	756
SF1245A.1.mpg	736
SF1228B.1.mpg	710
SF1214B.1.mpg	748
SF2946A-B.1.mpg	993
SF1206B.1.mpg	792
SF1193.1.mpg	446
SF1223.1.mpg	457
SF1212.1.mpg	281
SF2964.1.mpg	832
SF1197B.1.mpg	816
SF1197A.1.mpg	699
SF1230.1.mpg	579
SF1204B.1.mpg	894
SF2950A-D.1.mpg	1961
SF1208.1.mpg	601
SF1886.1.mpg	642
SF1233.1.mpg	518
SF2983.1.mpg	591
SF2941.1.mpg	641
SF1222A.1.mpg	582
SF1204A.1.mpg	902
SF1214C.1.mpg	876
SF1213.1.mpg	343
SF1194.1.mpg	639
SF1228A.1.mpg	785
SF1235.1.mpg	537
SF2857A-B.1.mpg	1042
SF1225.1.mpg	576
SF1237A.1.mpg	381
SF1231.1.mpg	574
SF1226A.1.mpg	827
SF1198.1.mpg	404
SF1209.1.mpg	385
SF1878.1.mpg	948
SF1199.1.mpg	694
SF1206A.1.mpg	421
SF1214A.1.mpg	238
SF1211.1.mpg	252
SF1203.1.mpg	545
SF1192.1.mpg	317
SF1229.1.mpg	436
SF1234.1.mpg	466
SF1227C.1.mpg	643
SF1237B.1.mpg	631
SF2938.1.mpg	784
SF1196.1.mpg	799
SF1195B.1.mpg	804
SF1224.1.mpg	564
SF1239.1.mpg	829
SF1221.1.mpg	817
SF1200.1.mpg	678
SF1227B.1.mpg	657
SF3250A-C.1.mpg	1970
SF1201.1.mpg	543
SF1220.1.mpg	599
SF1236.1.mpg	783
SF1195A.1.mpg	369
SF1227A.1.mpg	678
SF1205.1.mpg	537
SF1202.1.mpg	540
SF1232.1.mpg	449
SF2981A.1.mpg	516
SF1273.1.mpg	567
SF3312.1.mpg	811
SF2967C.1.mpg	583
SF1261A.1.mpg	491
SF2781.1.mpg	729
SF1260.1.mpg	419
SF1258.1.mpg	303
SF1259C.1.mpg	535
SF1280A.1.mpg	688
SF1278A.1.mpg	891
SF1257.1.mpg	769
SF2948A.1.mpg	418
SF1277.1.mpg	676
SF1262A.1.mpg	868
SF2775.1.mpg	214
SF1247A.1.mpg	566
SF3367.1.mpg	543
SF3366.1.mpg	663
SF3365.1.mpg	801
SF1255B.1.mpg	684
SF2948B.1.mpg	575
SF2772.1.mpg	847
SF1248B.1.mpg	670
SF1259A.1.mpg	518
SF1274.1.mpg	650
SF1256A.1.mpg	736
SF2782.1.mpg	588
SF2770B.1.mpg	739
SF1265A.1.mpg	836
SF2771.1.mpg	489
SF1269.1.mpg	934
SF1261B.1.mpg	705
SF1267.1.mpg	746
SF1252C.1.mpg	528
SF3368.1.mpg	666
SF2980.1.mpg	487
SF3369.1.mpg	638
SF1254A.1.mpg	665
SF3071.1.mpg	1056
SF1270.1.mpg	882
SF2777.1.mpg	646
SF1275.1.mpg	586
SF2816A.1.mpg	617
SF1279.1.mpg	670
SF1250.1.mpg	851
SF1268.1.mpg	655
SF1245B.1.mpg	326
SF1264.1.mpg	671
SF2773.1.mpg	573
SF1285.1.mpg	554
SF1263.1.mpg	735
SF2776A-B.1.mpg	1006
SF1253.1.mpg	658
SF1244.1.mpg	592
SF1272.1.mpg	807
SF1259E.1.mpg	408
SF2967A.1.mpg	524
SF1271.1.mpg	668
SF2774.1.mpg	192
SF1249.1.mpg	808
SF1255A.1.mpg	690
SF2985A.1.mpg	606
SF2780.1.mpg	748
SF1256B.1.mpg	274
SF1246.1.mpg	253
SF1248A.1.mpg	510
SF2997F.1.mpg	270
SF2979.1.mpg	605
SF2947.1.mpg	601
SF2779.1.mpg	657
SF2997A-E.1.mpg	2661
SF1259B.1.mpg	719
SF2770A.1.mpg	550
SF1266.1.mpg	544
SF1276.1.mpg	502
SF2768.1.mpg	401
SF1252A.1.mpg	303
SF1252B.1.mpg	583
SF1240.1.mpg	428
SF2778.1.mpg	665
SF2769.1.mpg	294
SF2967B.1.mpg	527
SF1283B.1.mpg	483
SF1300.1.mpg	457
SF2898A.1.mpg	490
SF2996B.1.mpg	600
SF2995.1.mpg	649
SF1301.1.mpg	354
SF1294.1.mpg	827
SF2996A.1.mpg	592
SF1287.1.mpg	813
SF2898D.1.mpg	638
SF1306A.1.mpg	927
SF1306B.1.mpg	647
SF1297A.1.mpg	479
SF1293B.1.mpg	425
SF1292.1.mpg	648
SF1308.1.mpg	533
SF2996D.1.mpg	630
SF3291.1.mpg	593
SF3262B.1.mpg	552
SF1303A.1.mpg	736
SF1286.1.mpg	588
SF1283A.1.mpg	545
SF1288B.1.mpg	440
SF1284.1.mpg	621
SF1290B.1.mpg	602
SF1305A.1.mpg	778
SF2982A.1.mpg	881
SF2817.1.mpg	838
SF1315A.1.mpg	631
SF2898E.1.mpg	604
SF2898B.1.mpg	603
SF1315B.1.mpg	376
SF1282.1.mpg	638
SF2898C.1.mpg	589
SF1867A.1.mpg	587
SF1299.1.mpg	908
SF1988.1.mpg	593
SF1867C.1.mpg	694
SF1303D.1.mpg	832
SF1314.1.mpg	587
SF1291.1.mpg	377
SF1305B.1.mpg	683
SF1319.1.mpg	477
SF1303C.1.mpg	535
SF1304A.1.mpg	869
SF2898G.1.mpg	611
SF2898F.1.mpg	650
SF1290A.1.mpg	689
SF2810.1.mpg	678
SF1307.1.mpg	626
SF1281.1.mpg	801
SF1298.1.mpg	596
SF1309B.1.mpg	465
SF1288A.1.mpg	665
SF1317.1.mpg	594
SF2984A.1.mpg	623
SF1293A.1.mpg	566
SF1309A.1.mpg	514
SF1289.1.mpg	617
SF1303B.1.mpg	734
SF1311.1.mpg	544
SF1296.1.mpg	454
SF2824.1.mpg	688
SF3262A.1.mpg	879
SF1313.1.mpg	518
SF2989.1.mpg	672
SF2996C.1.mpg	578
SF1312.1.mpg	492
SF1295.1.mpg	564
SF1867B.1.mpg	600
SF1316.1.mpg	472
SF1302.1.mpg	584
SF3232A-B.1.mpg	1033
SF2571A-C.1.mpg	1534
SF3319A.1.mpg	575
SF3319B.1.mpg	640
SF3322A-B.1.mpg	1049
SF1985A-E.1.mpg	2059
SF2835.1.mpg	841
SF3238A-B.1.mpg	1080
SF3237.1.mpg	857
SF3239B.1.mpg	510
SF3236A-B.1.mpg	921
SF3239A.1.mpg	516
SF2831A-C.1.mpg	1751
SF1573.1.mpg	695
SF1581.1.mpg	557
SF3297.1.mpg	707
SF1567.1.mpg	803
SF1591.1.mpg	692
SF1593.1.mpg	471
SF1580.1.mpg	561
SF1595A.1.mpg	560
SF1579.1.mpg	711
SF1584.1.mpg	776
SF1600.1.mpg	627
SF1605A.1.mpg	662
SF1598.1.mpg	742
SF1595B.1.mpg	402
SF1589.1.mpg	679
SF1590.1.mpg	924
SF1582.1.mpg	547
SF1606A.1.mpg	477
SF1566A.1.mpg	652
SF1585.1.mpg	620
SF1601.1.mpg	652
SF1602.1.mpg	626
SF1569A.1.mpg	657
SF1570.1.mpg	420
SF1604A.1.mpg	638
SF3230.1.mpg	866
SF1597A.1.mpg	601
SF1576.1.mpg	796
SF1568.1.mpg	491
SF3229.1.mpg	691
SF1599.1.mpg	698
SF3254.1.mpg	942
SF1604B.1.mpg	814
SF1588.1.mpg	634
SF1574.1.mpg	466
SF1577.1.mpg	723
SF1575.1.mpg	824
SF3228.1.mpg	808
SF1565.1.mpg	516
SF3231.1.mpg	960
SF1587.1.mpg	436
SF1572.1.mpg	642
SF1571.1.mpg	809
SF1605B.1.mpg	770
SF1607A.1.mpg	605
SF3217.1.mpg	845
SF1594.1.mpg	643
SF1940A-B.1.mpg	956
SF2899A-H.1.mpg	4363
SF1578A.1.mpg	588
SF1586.1.mpg	685
SF1597B.1.mpg	482
SF3000.1.mpg	748
SF1596.1.mpg	579
SF1592A.1.mpg	463
SF1569B.1.mpg	592
SF1583.1.mpg	416
SF564.1.mpg	845
SF2908.1.mpg	478
SF3005.1.mpg	901
SF3352.1.mpg	797
SF1512.1.mpg	671
SF1504C.1.mpg	497
SF1504B.1.mpg	666
SF3014.1.mpg	715
SF1503.1.mpg	380
SF1498.1.mpg	520
SF1483.1.mpg	585
SF1489.1.mpg	838
SF1486.1.mpg	750
SF1508.1.mpg	712
SF1481.1.mpg	702
SF1513A.1.mpg	531
SF3296A.1.mpg	565
SF1517.1.mpg	636
SF1514.1.mpg	724
SF3200A.1.mpg	714
SF1488.1.mpg	761
SF1500A.1.mpg	579
SF1928.1.mpg	818
SF1484.1.mpg	680
SF1515.1.mpg	697
SF1516A2.1.mpg	266
SF1502.1.mpg	314
SF1513B.1.mpg	498
SF1482.1.mpg	548
SF1493.1.mpg	807
SF1499B.1.mpg	746
SF1480.1.mpg	410
SF1492.1.mpg	849
SF1501.1.mpg	644
SF1509.1.mpg	543
SF3316.1.mpg	605
SF1511B.1.mpg	711
SF1506.1.mpg	646
SF1500B.1.mpg	740
SF2928A-C.1.mpg	1471
SF1499C.1.mpg	682
SF1500C.1.mpg	424
SF1485.1.mpg	511
SF1495A.1.mpg	585
SF1497.1.mpg	735
SF1496.1.mpg	740
SF1490.1.mpg	699
SF3300.1.mpg	1824
SF1510.1.mpg	741
SF2818A.1.mpg	700
SF1504A.1.mpg	556
SF1494.1.mpg	641
SF1507.1.mpg	617
SF1499A.1.mpg	829
SF1511A.1.mpg	771
SF1487.1.mpg	531
SF1505.1.mpg	589
SF1491.1.mpg	665
SF1516A1.1.mpg	549
SF1500D.1.mpg	722
SF1986E.1.mpg	664
SF2800.1.mpg	820
SF1958.1.mpg	732
SF3271.1.mpg	617
SF2542C.1.mpg	681
SF2543A.1.mpg	472
SF1986B.1.mpg	540
SF2553A.1.mpg	644
SF2654.1.mpg	569
SF3048.1.mpg	509
SF674B.1.mpg	564
SF3175.1.mpg	691
SF679A.1.mpg	497
SF2765.1.mpg	376
SF2542A.1.mpg	500
SF3017.1.mpg	624
SF1986D.1.mpg	478
SF2789.1.mpg	940
SF2764.1.mpg	328
SF1986A.1.mpg	531
SF675.1.mpg	560
SF689.1.mpg	575
SF1986G.1.mpg	568
SF3194.1.mpg	723
SF2763.1.mpg	315
SF1986C.1.mpg	587
SF694.1.mpg	631
SF1986F.1.mpg	375
SF3055.1.mpg	417
SF3070.1.mpg	544
SF1384.1.mpg	612
SF3240B.1.mpg	603
SF1371.1.mpg	922
SF1398.1.mpg	567
SF1396.1.mpg	510
SF2843.1.mpg	686
SF1887.1.mpg	714
SF1383.1.mpg	891
SF1382A.1.mpg	873
SF3010.1.mpg	939
SF1387.1.mpg	766
SF3248.1.mpg	641
SF3241D.1.mpg	843
SF3003.1.mpg	771
SF1362.1.mpg	604
SF3240C.1.mpg	363
SF3242C.1.mpg	854
SF3242D.1.mpg	585
SF1363.1.mpg	665
SF1392.1.mpg	639
SF1389B.1.mpg	555
SF1366.1.mpg	706
SF2858.1.mpg	501
SF1372.1.mpg	926
SF3241C.1.mpg	620
SF2990.1.mpg	743
SF1374.1.mpg	529
SF1379.1.mpg	345
SF3240A.1.mpg	599
SF1373.1.mpg	698
SF1381A.1.mpg	331
SF1388.1.mpg	555
SF1367.1.mpg	836
SF3241B.1.mpg	578
SF1368.1.mpg	583
SF1400.1.mpg	537
SF1397.1.mpg	594
SF1380.1.mpg	463
SF1395.1.mpg	749
SF3242E.1.mpg	560
SF3242A.1.mpg	555
SF1393.1.mpg	701
SF1378A.1.mpg	745
SF3242B.1.mpg	1430
SF1385B.1.mpg	603
SF1378B.1.mpg	643
SF1391.1.mpg	588
SF1343.1.mpg	589
SF1389A.1.mpg	577
SF1399.1.mpg	533
SF1364.1.mpg	424
SF2839A.1.mpg	633
SF1385C.1.mpg	462
SF3241A.1.mpg	626
SF1375.1.mpg	696
SF1390.1.mpg	559
SF1385A.1.mpg	681
SF1365.1.mpg	603
SF1377.1.mpg	740
SF1386.1.mpg	772
SF1370.1.mpg	843
SF1401.1.mpg	481
SF1394.1.mpg	386
SF1376.1.mpg	473
SF1369.1.mpg	880
SF945G.1.mpg	532
SF1772B.1.mpg	265
SF794.1.mpg	402
SF805.1.mpg	508
SF1784B.1.mpg	223
SF780A.1.mpg	724
SF804.1.mpg	797
SF2618.1.mpg	760
SF1775B.1.mpg	219
SF3115.1.mpg	556
SF773.1.mpg	597
SF3116.1.mpg	443
SF795A.1.mpg	672
SF1963A.1.mpg	396
SF806.1.mpg	567
SF803.1.mpg	617
SF784.1.mpg	514
SF796.1.mpg	696
SF787A.1.mpg	620
SF785.1.mpg	701
SF797.1.mpg	791
SF788.1.mpg	471
SF781.1.mpg	603
SF1783B.1.mpg	153
SF799.1.mpg	694
SF3117.1.mpg	586
SF2842.1.mpg	970
SF783.1.mpg	643
SF800.1.mpg	594
SF771.1.mpg	783
SF790A.1.mpg	609
SF778A.1.mpg	428
SF779.1.mpg	750
SF802.1.mpg	606
SF775.1.mpg	581
SF2632.1.mpg	651
SF2631.1.mpg	396
SF1781B.1.mpg	243
SF786.1.mpg	802
SF2617.1.mpg	652
SF782.1.mpg	460
SF3354.1.mpg	167
SF1807.1.mpg	583
SF780B.1.mpg	636
SF790B.1.mpg	591
SF2805.1.mpg	923
SF2612.1.mpg	674
SF774.1.mpg	710
SF807.1.mpg	656
SF801.1.mpg	561
SF809A.1.mpg	521
SF1778B.1.mpg	250
SF1961.1.mpg	895
SF1774B.1.mpg	236
SF1776C.1.mpg	232
SF3111B.1.mpg	837
SF2614A-F.1.mpg	3434
SF776A.1.mpg	461
SF2627.1.mpg	851
SF793.1.mpg	586
SF776B.1.mpg	339
SF1779B.1.mpg	220
SF3111A.1.mpg	626
SF1963B.1.mpg	314
SF808.1.mpg	529
SF792A.1.mpg	786
SF3256A.1.mpg	579
SF777.1.mpg	552
SF1773B.1.mpg	211
SF2616.1.mpg	621
SF3256B.1.mpg	416
SF2391C.1.mpg	552
SF2391A.1.mpg	706
SF1450.1.mpg	708
SF1479A.1.mpg	784
SF1447.1.mpg	523
SF1463B.1.mpg	537
SF1470.1.mpg	1004
SF3107A-B.1.mpg	1128
SF1467.1.mpg	575
SF1463A.1.mpg	612
SF1468.1.mpg	633
SF1454.1.mpg	507
SF3011A-B.1.mpg	1323
SF1471.1.mpg	564
SF3012C.1.mpg	563
SF3223.1.mpg	859
SF1474.1.mpg	646
SF1469.1.mpg	685
SF1473.1.mpg	755
SF1451.1.mpg	843
SF1466B.1.mpg	416
SF1478B.1.mpg	531
SF1460A.1.mpg	295
SF3008A.1.mpg	762
SF1446.1.mpg	583
SF2978A-B.1.mpg	1092
SF1444.1.mpg	533
SF3012A.1.mpg	456
SF1448.1.mpg	590
SF1461.1.mpg	459
SF1456.1.mpg	613
SF1478A.1.mpg	602
SF2999.1.mpg	715
SF1476.1.mpg	520
SF1443.1.mpg	592
SF2838A.1.mpg	896
SF1477.1.mpg	620
SF1464.1.mpg	663
SF1457.1.mpg	554
SF1472.1.mpg	917
SF3013.1.mpg	703
SF1455.1.mpg	626
SF1452.1.mpg	776
SF3226.1.mpg	571
SF3008B.1.mpg	823
SF1445.1.mpg	491
SF2838B.1.mpg	308
SF1462A.1.mpg	714
SF1465.1.mpg	631
SF3317B.1.mpg	792
SF1479B.1.mpg	678
SF1453.1.mpg	420
SF1475.1.mpg	632
SF1449.1.mpg	600
SF1458.1.mpg	539
SF2837B.1.mpg	523
SF1459.1.mpg	267
SF1466A.1.mpg	570
SF1462B.1.mpg	623
SF3012B.1.mpg	545
SF3317A.1.mpg	607
SF2837A.1.mpg	935
SF1479C.1.mpg	595
SF1442.1.mpg	621
SF1118.1.mpg	820
SF1123A.1.mpg	574
SF1129.1.mpg	671
SF2933.1.mpg	540
SF1116B.1.mpg	782
SF1116C.1.mpg	539
SF1137B.1.mpg	587
SF1137A.1.mpg	699
SF1122.1.mpg	679
SF1124A.1.mpg	652
SF1134B.1.mpg	667
SF2957.1.mpg	533
SF1117.1.mpg	661
SF1143B.1.mpg	912
SF1130A.1.mpg	787
SF1115C.1.mpg	563
SF2861.1.mpg	954
SF1121.1.mpg	574
SF1115A.1.mpg	627
SF1128D.1.mpg	531
SF2955.1.mpg	608
SF1128A.1.mpg	709
SF1136.1.mpg	695
SF1137C.1.mpg	720
SF1133A.1.mpg	827
SF1116A.1.mpg	340
SF2821A-B.1.mpg	1025
SF2937.1.mpg	584
SF1130B.1.mpg	651
SF1139.1.mpg	643
SF2738.1.mpg	617
SF1126.1.mpg	908
SF1123B.1.mpg	570
SF1990A-H.1.mpg	4271
SF1113D.1.mpg	636
SF1142.1.mpg	822
SF1135A.1.mpg	685
SF1135C.1.mpg	695
SF1135B.1.mpg	712
SF1119B.1.mpg	855
SF1131B.1.mpg	706
SF1119A.1.mpg	432
SF2934.1.mpg	705
SF1127A.1.mpg	631
SF1114B.1.mpg	511
SF1119C.1.mpg	398
SF1140A.1.mpg	954
SF2951.1.mpg	729
SF2966.1.mpg	429
SF1141B.1.mpg	643
SF1130D.1.mpg	575
SF1141A.1.mpg	409
SF2737.1.mpg	492
SF1132.1.mpg	659
SF1140B.1.mpg	825
SF1134A.1.mpg	655
SF1138.1.mpg	854
SF1116D.1.mpg	908
SF1128C.1.mpg	613
SF1127B.1.mpg	609
SF1113A.1.mpg	586
SF1115B.1.mpg	738
SF2783.1.mpg	689
SF1130C.1.mpg	655
SF1125.1.mpg	557
SF1120.1.mpg	573
SF1131A.1.mpg	613
SF1128B.1.mpg	400
SF2943.1.mpg	398
SF1147B.1.mpg	868
SF1114A.1.mpg	663
SF1133.1.mpg	948
SF2871B.1.mpg	474
SF3122.1.mpg	515
SF850C.1 Bok räddas, 1934.mpg	813
SF762.1.mpg	380
SF2726.1.mpg	346
SF3206.1.mpg	689
SF2645.1 Se Sverige del 4, 1934.mpg	691
SF810.1 Modern reklamfilm 1934.mpg	797
SF1215-18.1.mpg	768
SF1888.1.mpg	767
SF3344.1.mpg	683
SF2962A-B.1.mpg	1168
SF2832.1.mpg	767
SF2666A.1.mpg	696
SF2855A-C.1.mpg	1425
SF1005.1 Böckdtröm visar kamera på Liljevalchs, 1939.mpg	538
SF3204.1 om fotografi UFA 1936.mpg	566
SF1310A-B.1.mpg	1400
SF2913.1.mpg	740
SF3153.1.mpg	534
SF2391B.1.mpg	1153
SF3207.1.Astronomi 1937mpg.mpg	587
SF812.1. Göteborgsminnen Sjöfartsmuseet 1934mpg.mpg	636
SF3205B.1.Atronomi 1935-36mpg.mpg	621
SF2836A-E.1.mpg	3056
SF769C.1 dans england.mpg	562
SF2793.1.mpg	668
SF3299.1.mpg	343
SF944.1Reklamen tjänar samhället, 1937.mpg	403
SF2635B.1.mpg	599
SF1899.1.mpg	440
SF2891A.1. Åhlen o Holm 1939mpg.mpg	422
SF1026C.1.mpg	553
SF2925A-C.1.mpg	1828
SF2905.1.mpg	666
SF2682C.1.mpg	562
SF1028A.1.mpg	387
SF1020B.1.mpg	684
SF1010A.1.mpg	374
SF1024D.1.mpg	528
SF1259D.1.mpg	618
SF1037A.1.mpg	918
SF1031.1.mpg	1491
SF1038A.1.mpg	618
SF1027B.1.mpg	825
SF2881.1.mpg	776
SF1032B.1.mpg	614
SF1027A.1.mpg	842
SF1013A.1.mpg	777
SF1021.1.mpg	551
SF1042C.1.mpg	538
SF1014.1.mpg	571
SF2730.1.mpg	507
SF1029.1.mpg	250
SF1037G.1.mpg	765
SF1016A.1.mpg	633
SF1015C.1.mpg	631
SF1024B.1.mpg	750
SF2656A.1.mpg	492
SF2903.1.mpg	452
SF2731.1.mpg	464
SF1009B.1.mpg	845
SF1042B.1.mpg	490
SF1017.1.mpg	507
SF2702.1.mpg	959
SF2684.1.mpg	548
SF2682B.1.mpg	591
SF2877.1.mpg	622
SF2904A.1.mpg	814
SF1025A.1.mpg	882
SF2788.1.mpg	681
SF2678.1.mpg	728
SF1030.1.mpg	530
SF2813.1.mpg	854
SF2890.1.mpg	388
SF1040.1.mpg	659
SF2682A.1.mpg	565
SF1018.1.mpg	429
SF1028B.1.mpg	605
SF2917.1.mpg	619
SF2922.1.mpg	587
SF1037F.1.mpg	862
SF1026B.1.mpg	720
SF2975.1.mpg	362
SF2887.1.mpg	607
SF1024C.1.mpg	778
SF1921.1.mpg	763
SF1023A.1.mpg	521
SF2686.1.mpg	389
SF2690.1.mpg	709
SF2787.1.mpg	468
SF2896.1.mpg	621
SF2909A-B.1.mpg	1904
SF2902.1.mpg	784
SF1025C.1.mpg	521
SF1039A.1.mpg	598
SF1009A.1.mpg	455
SF1028C.1.mpg	790
SF1006.1.mpg	570
SF1010B.1.mpg	433
SF1025B.1.mpg	674
SF2889.1.mpg	482
SF1025D.1.mpg	710
SF1024A.1.mpg	707
SF2717.1.mpg	672
SF2797.1.mpg	680
SF1022.1.mpg	785
SF1019.1.mpg	654
SF1962.1.mpg	688
SF2901A.1.mpg	622
SF2977.1.mpg	487
SF1036.1.mpg	535
SF2886.1.mpg	569
SF1037D.1.mpg	736
SF2894.1.mpg	468
SF2718.1.mpg	652
SF2880.1.mpg	344
SF1007.1.mpg	603
SF1020A.1.mpg	396
SF1041A.1.mpg	615
SF1015A.1.mpg	349
SF2923.1.mpg	548
SF3321.1.mpg	530
SF1035.1.mpg	624
SF1012.1.mpg	357
SF1042A.1.mpg	641
SF2798.1.mpg	457
SF2901B.1.mpg	624
SF2683.1.mpg	481
SF1032A.1.mpg	500
SF1008.1.mpg	408
SF1011.1.mpg	498
SF2907.1.mpg	565
SF1034.1.mpg	745
SF1033.1.mpg	825
SF2685.1.mpg	671
SF2910.1.mpg	500
SF1027C.1.mpg	571
SF1013B.1.mpg	783
SF1016B.1.mpg	309
SF1015B.1.mpg	683
SF1039B.1.mpg	708
SF2901C.1.mpg	835
SF1037C.1.mpg	779
SF1026A.1.mpg	562
SF2729.1.mpg	561
SF2927.1.mpg	573
SF2888.1.mpg	816
SF1326A.1.mpg	848
SF1358.1.mpg	633
SF1338.1.mpg	264
SF2825A.1.mpg	478
SF1332.1.mpg	544
SF1345.1.mpg	612
SF2803.1.mpg	879
SF1333.1.mpg	541
SF1328A.1.mpg	676
SF1342B.1.mpg	503
SF1347.1.mpg	702
SF1329.1.mpg	770
SF1320.1.mpg	574
SF1354.1.mpg	682
SF1349.1.mpg	501
SF1353.1.mpg	699
SF1322.1.mpg	567
SF2959.1.mpg	692
SF2825B.1.mpg	586
SF1351.1.mpg	583
SF1352.1.mpg	684
SF2804.1.mpg	854
SF1355.1.mpg	477
SF1323A.1.mpg	651
SF1341.1.mpg	269
SF1344.1.mpg	901
SF1336.1.mpg	517
SF3009A-D.1.mpg	2399
SF1327.1.mpg	937
SF1339.1.mpg	394
SF1324.1.mpg	285
SF1346A.1.mpg	586
SF1335.1.mpg	729
SF1334.1.mpg	647
SF3001.1.mpg	537
SF1342A.1.mpg	507
SF1357.1.mpg	503
SF1321.1.mpg	766
SF1331.1.mpg	841
SF2988.1.mpg	670
SF1350.1.mpg	688
SF1359.1.mpg	602
SF1361.1.mpg	503
SF1348.1.mpg	710
SF2845.1.mpg	957
SF1330.1.mpg	489
SF1323C.1.mpg	604
SF3006.1.mpg	716
SF1325.1.mpg	907
SF1323B.1.mpg	483
SF1328B.1.mpg	456
SF1356.1.mpg	583
SF1337.1.mpg	300
SF1360.1.mpg	613
SF3308.1.mpg	451
SF3309A.1.mpg	555
SF3309B.1.mpg	627
SF3309C.1.mpg	444
SF1849.1.mpg	535
SF1848.1.mpg	584
SF1858.1.mpg	616
SF1850.1.mpg	646
SF1852.1.mpg	595
SF1866A.1.mpg	658
SF1846.1.mpg	648
SF1851.1.mpg	381
SF1855.1.mpg	518
SF1853.1.mpg	721
SF1844.1.mpg	948
SF1860A.1.mpg	666
SF1854.1.mpg	609
SF1845.1.mpg	559
SF1857A.1.mpg	547
SF1859A-B.1.mpg	1052
SF1856.1.mpg	705
SF1847A.1.mpg	623
SF3152.1.mpg	564
SF886.1.mpg	499
SF879A.1.mpg	619
SF2660A.1.mpg	571
SF871C.1.mpg	838
SF849.1.mpg	813
SF3158.1.mpg	586
SF850A.1.mpg	887
SF3155.1.mpg	536
SF867A.1.mpg	651
SF881A.1.mpg	518
SF853A.1.mpg	849
SF2663.1.mpg	454
SF2819.1.mpg	821
SF883.1.mpg	655
SF2573D.1.mpg	588
SF3137.1.mpg	689
SF866D.1.mpg	586
SF2649.1.mpg	594
SF3162.1.mpg	810
SF2659D.1.mpg	718
SF3161A-C.1.mpg	1350
SF863B.1.mpg	680
SF2659B.1.mpg	574
SF877A.1.mpg	564
SF3205A.1.mpg	725
SF872.1.mpg	656
SF2699.1.mpg	570
SF3187.1.mpg	579
SF857.1.mpg	826
SF869B.1.mpg	531
SF2698.1.mpg	660
SF3144.1.mpg	439
SF3134.1.mpg	639
SF855B.1.mpg	888
SF869A.1.mpg	682
SF864A.1.mpg	618
SF878A.1.mpg	482
SF2660B.1.mpg	836
SF855A.1.mpg	393
SF874.1.mpg	659
SF2584.1.mpg	666
SF871A.1.mpg	520
SF881B.1.mpg	747
SF2659C.1.mpg	654
SF2659A.1.mpg	722
SF863A.1.mpg	546
SF1843.1.mpg	621
SF3178.1.mpg	570
SF2688.1.mpg	927
SF3130.1.mpg	491
SF868B.1.mpg	513
SF862.1.mpg	834
SF878C.1.mpg	566
SF861A.1.mpg	718
SF884A.1.mpg	662
SF2892.1.mpg	642
SF2662.1.mpg	714
SF866A.1.mpg	566
SF3105.1.mpg	803
SF865B.1.mpg	441
SF3142.1.mpg	485
SF876B.1.mpg	836
SF878B.1.mpg	484
SF3151.1.mpg	651
SF875B.1.mpg	579
SF924B.1.mpg	671
SF880.1.mpg	416
SF861B.1.mpg	538
SF879C.1.mpg	340
SF871B.1.mpg	698
SF853B.1.mpg	471
SF3156.1.mpg	534
SF2655.1.mpg	907
SF882B.1.mpg	706
SF2661C.1.mpg	519
SF3141.1.mpg	551
SF3154.1.mpg	506
SF868A.1.mpg	375
SF3138.1.mpg	557
SF877B.1.mpg	552
SF2661A.1.mpg	813
SF3143.1.mpg	621
SF852.1.mpg	793
SF873.1.mpg	690
SF884B.1.mpg	905
SF3157.1.mpg	572
SF3139.1.mpg	591
SF2786.1.mpg	471
SF876C.1.mpg	564
SF885B.1.mpg	558
SF876A.1.mpg	586
SF850B.1.mpg	715
SF1883.1.mpg	746
SF885A.1.mpg	600
SF859.1.mpg	808
SF858.1.mpg	640
SF879B.1.mpg	475
SF887.1.mpg	677
SF851.1.mpg	384
SF3148.1.mpg	866
SF2998A-F.1.mpg	3460
SF3191.1.mpg	532
SF3179.1.mpg	834
SF866C.1.mpg	369
SF866B.1.mpg	758
SF879E.1.mpg	845
SF2952.1.mpg	680
SF854.1.mpg	423
SF3182.1.mpg	616
SF879D.1.mpg	690
SF2695.1.mpg	619
SF856.1.mpg	675
SF870.1.mpg	424
SF882A.1.mpg	388
SF860.1.mpg	504
SF865A.1.mpg	471
SF875A.1.mpg	410
SF1070.1.mpg	442
SF2691.1.mpg	675
SF1055E.1.mpg	725
SF1051.1.mpg	512
SF1076.1.mpg	915
SF2715.1.mpg	464
SF1080.1.mpg	517
SF1061A.1.mpg	758
SF1072A.1.mpg	399
SF1059B.1.mpg	560
SF2714.1.mpg	633
SF1063A.1.mpg	663
SF1052A.1.mpg	785
SF2911B.1.mpg	537
SF1050.1.mpg	535
SF1879.1.mpg	889
SF2708.1.mpg	714
SF2723.1.mpg	716
SF1066.1.mpg	723
SF1989A.1.mpg	367
SF1072B.1.mpg	576
SF1053B.1.mpg	597
SF1048A.1.mpg	606
SF1043C.1.mpg	666
SF2728.1.mpg	453
SF1059A.1.mpg	732
SF2911A.1.mpg	556
SF1068.1.mpg	480
SF2704.1.mpg	450
SF2712.1.mpg	588
SF1047.1.mpg	869
SF1058.1.mpg	496
SF1045C.1.mpg	595
SF1063C.1.mpg	423
SF1054.1.mpg	614
SF3209.1.mpg	854
SF1077.1.mpg	816
SF1065.1.mpg	910
SF1055D.1.mpg	740
SF1064B.1.mpg	550
SF1045A.1.mpg	513
SF1048B.1.mpg	640
SF1069.1.mpg	688
SF1067.1.mpg	859
SF2719.1.mpg	552
SF1053A.1.mpg	836
SF1027D.1.mpg	788
SF1061C.1.mpg	825
SF1057A.1.mpg	514
SF2706.1.mpg	650
SF1043A.1.mpg	714
SF1073A.1.mpg	759
SF1057B.1.mpg	652
SF2727.1.mpg	431
SF2725.1.mpg	625
SF1049A.1.mpg	322
SF3224.1.mpg	672
SF1072D.1.mpg	732
SF1046.1.mpg	376
SF1045B.1.mpg	661
SF1055A.1.mpg	573
SF2713.1.mpg	516
SF1074.1.mpg	654
SF1052B.1.mpg	515
SF1075.1.mpg	814
SF1056.1.mpg	461
SF1989B.1.mpg	949
SF2700.1.mpg	570
SF1071A.1.mpg	668
SF2707.1.mpg	660
SF1064A.1.mpg	447
SF2711.1.mpg	840
SF1055C.1.mpg	539
SF3104.1.mpg	839
SF2716.1.mpg	693
SF2710.1.mpg	618
SF1071B.1.mpg	994
SF2709.1.mpg	649
SF1044.1.mpg	608
SF1060.1.mpg	853
SF1055B.1.mpg	694
SF2705.1.mpg	553
SF906.1.mpg	775
SF926A.1.mpg	588
SF923.1.mpg	436
SF2653G.1.mpg	543
SF2971.1.mpg	836
SF895.1.mpg	589
SF3198.1.mpg	630
SF891C.1.mpg	755
SF2963.1.mpg	990
SF891E.1.mpg	328
SF2919.1.mpg	713
SF3172A.1.mpg	569
SF2982B.1.mpg	535
SF912B.1.mpg	579
SF918B.1.mpg	658
SF3180.1.mpg	524
SF919A.1.mpg	417
SF2697.1.mpg	646
SF2650D.1.mpg	508
SF919B.1.mpg	710
SF889B.1.mpg	581
SF2653A.1.mpg	608
SF2658.1.mpg	724
SF3202.1.mpg	562
SF3196.1.mpg	800
SF3149.1.mpg	611
SF2650B.1.mpg	490
SF3171C.1.mpg	357
SF3040A.1.mpg	223
SF896B.1.mpg	725
SF3164.1.mpg	736
SF3126.1.mpg	471
SF891D.1.mpg	485
SF2973.1.mpg	135
SF901A.1.mpg	683
SF900B.1.mpg	745
SF2811.1.mpg	677
SF2650E.1.mpg	414
SF3171B.1.mpg	625
SF897.1.mpg	439
SF920.1.mpg	453
SF3172C.1.mpg	847
SF905A.1.mpg	573
SF909A.1.mpg	603
SF945H.1.mpg	841
SF902A.1.mpg	485
SF893.1.mpg	333
SF905B.1.mpg	568
SF918A.1.mpg	291
SF2652B.1.mpg	567
SF2635A.1.mpg	454
SF894.1.mpg	608
SF2814.1.mpg	594
SF2871A.1.mpg	645
SF909E.1.mpg	512
SF2801.1.mpg	609
SF2795.1.mpg	782
SF912A.1.mpg	645
SF891B.1.mpg	566
SF907B.1.mpg	703
SF2650A.1.mpg	601
SF890.1.mpg	570
SF3160.1.mpg	795
SF922.1.mpg	353
SF3181.1.mpg	527
SF892A.1.mpg	393
SF1861.1.mpg	754
SF3190A.1.mpg	626
SF3173.1.mpg	491
SF2653C.1.mpg	426
SF914A.1.mpg	521
SF2652A.1.mpg	680
SF908E.1.mpg	538
SF3199.1.mpg	722
SF888.1.mpg	483
SF3290.1.mpg	536
SF3147.1.mpg	518
SF2972.1.mpg	624
SF3197.1.mpg	623
SF2918.1.mpg	519
SF915B.1.mpg	577
SF3190B.1.mpg	634
SF3171A.1.mpg	478
SF3145.1.mpg	589
SF921.1.mpg	453
SF2969.1.mpg	922
SF899B.1.mpg	363
SF3163.1.mpg	603
SF1978B.1.mpg	620
SF900A.1.mpg	708
SF919C.1.mpg	415
SF892B.1.mpg	484
SF2968.1.mpg	830
SF2651A-G.1.mpg	3945
SF915A.1.mpg	510
SF3168.1.mpg	930
SF2653H.1.mpg	746
SF3172B.1.mpg	618
SF915C.1.mpg	738
SF924A.1.mpg	293
SF2653J.1.mpg	870
SF3201.1.mpg	624
SF899A.1.mpg	558
SF2974.1.mpg	351
SF902B.1.mpg	495
SF898.1.mpg	654
SF3150.1.mpg	401
SF2870.1.mpg	553
SF908A.1.mpg	642
SF914B.1.mpg	515
SF2653D.1.mpg	610
SF891A.1.mpg	727
SF910A.1.mpg	486
SF2619.1.mpg	787
SF925B.1.mpg	614
SF896A.1.mpg	669
SF2970.1.mpg	664
SF2653F.1.mpg	650
SF917.1.mpg	617
SF891F.1.mpg	935
SF3159.1.mpg	797
SF904.1.mpg	363
SF2653I.1.mpg	758
SF911.1.mpg	662
SF925A.1.mpg	555
SF910C.1.mpg	595
SF913.1.mpg	455
SF903.1.mpg	276
SF916B.1.mpg	849
SF908D.1.mpg	528
SF2653E.1.mpg	617
SF916A.1.mpg	571
SF2869.1.mpg	638
SF3094.1.mpg	788
SF2672.1.mpg	639
SF889A.1.mpg	490
SF907A.1.mpg	771
SF1978A.1.mpg	486
SF2696.1.mpg	613
SF910B.1.mpg	753
SF821.1.mpg	658
SF2859.1.mpg	388
SF3266B.1.mpg	688
SF826A.1.mpg	792
SF2785.1.mpg	561
SF2667.1.mpg	341
SF841B.1.mpg	700
SF1825.1.mpg	481
SF2599.1.mpg	460
SF2639.1.mpg	401
SF3266C.1.mpg	827
SF827A.1.mpg	616
SF840.1.mpg	531
SF3118.1.mpg	755
SF3266A.1.mpg	769
SF3127.1.mpg	667
SF847A.1.mpg	842
SF2762.1.mpg	414
SF825.1.mpg	710
SF817.1.mpg	549
SF3129.1.mpg	450
SF823.1.mpg	740
SF3128.1.mpg	516
SF2643.1.mpg	574
SF2620.1.mpg	571
SF2694.1.mpg	798
SF3120.1.mpg	786
SF3132.1.mpg	677
SF820.1.mpg	700
SF1877C.1.mpg	543
SF845.1.mpg	582
SF2648.1.mpg	612
SF3119.1.mpg	696
SF836.1.mpg	806
SF2630A.1.mpg	563
SF3124.1.mpg	553
SF2630C.1.mpg	783
SF848C.1.mpg	715
SF846.1.mpg	602
SF815.1.mpg	521
SF2624.1.mpg	370
SF3188.1.mpg	729
SF816A.1.mpg	400
SF835.1.mpg	696
SF3140.1.mpg	534
SF824.1.mpg	647
SF831.1.mpg	340
SF2621.1.mpg	287
SF2638A.1.mpg	729
SF816B.1.mpg	523
SF811B.1.mpg	526
SF2647.1.mpg	535
SF829A.1.mpg	501
SF828C.1.mpg	644
SF3125.1.mpg	503
SF2630B.1.mpg	636
SF848A.1.mpg	623
SF2623A.1.mpg	877
SF3135.1.mpg	521
SF848B.1.mpg	783
SF811A.1.mpg	430
SF2633.1.mpg	727
SF819.1.mpg	733
SF829B.1.mpg	324
SF2790.1.mpg	717
SF2646.1.mpg	671
SF813.1.mpg	851
SF2693.1.mpg	457
SF841A.1.mpg	847
SF2641.1.mpg	410
SF3066.1.mpg	695
SF2625.1.mpg	675
SF908B.1.mpg	746
SF844A.1.mpg	594
SF3136.1.mpg	397
SF834.1.mpg	571
SF3189.1.mpg	826
SF839A.1.mpg	246
SF3052C.1.mpg	680
SF2601.1.mpg	571
SF2603.1.mpg	694
SF757A.1.mpg	492
SF751.1.mpg	734
SF3260.1.mpg	504
SF3052A.1.mpg	563
SF759.1.mpg	705
SF752A.1.mpg	805
SF3059.1.mpg	501
SF1964A-B.1.mpg	755
SF744A.1.mpg	769
SF2606.1.mpg	747
SF766.1.mpg	688
SF769F.1.mpg	402
SF2605A-B.1.mpg	890
SF753A.1.mpg	802
SF2600.1.mpg	425
SF768A.1.mpg	496
SF749.1.mpg	331
SF764A-B.1.mpg	902
SF740.1.mpg	748
SF739A.1.mpg	595
SF767.1.mpg	633
SF769H.1.mpg	539
SF763.1.mpg	770
SF769A.1.mpg	916
SF737.1.mpg	780
SF765.1.mpg	770
SF2597A-C.1.mpg	1676
SF2598B.1.mpg	452
SF3057.1.mpg	961
SF3052D.1.mpg	666
SF3052B.1.mpg	687
SF1960.1.mpg	492
SF754.1.mpg	607
SF736.1.mpg	841
SF2595A-C.1.mpg	1567
SF770A.1.mpg	526
SF769D.1.mpg	453
SF745.1.mpg	631
SF770B.1.mpg	654
SF748.1.mpg	915
SF1959.1.mpg	690
SF2596A-B.1.mpg	1100
SF761.1.mpg	532
SF2607.1.mpg	639
SF747.1.mpg	731
SF769G.1.mpg	523
SF2668.1.mpg	759
SF769B.1.mpg	437
SF769E.1.mpg	481
SF764C.1.mpg	594
SF2554.1.mpg	698
SF758.1.mpg	521
SF2925F.1.mpg	589
SF708A.1.mpg	566
SF723B.1.mpg	772
SF2561.1.mpg	576
SF2608.1.mpg	789
SF709A.1.mpg	585
SF3053B.1.mpg	450
SF715.1.mpg	757
SF3054.1.mpg	344
SF710.1.mpg	877
SF2563.1.mpg	330
SF3053A.1.mpg	564
SF716A.1.mpg	672
SF714.1.mpg	792
SF718.1.mpg	748
SF713.1.mpg	850
SF733.1.mpg	724
SF2767.1.mpg	555
SF723A.1.mpg	561
SF721.1.mpg	823
SF711.1.mpg	690
SF2562B.1.mpg	562
SF2564.1.mpg	378
SF727.1.mpg	607
SF3056.1.mpg	1253
SF2562A.1.mpg	470
SF705.1.mpg	611
SF722.1.mpg	671
SF730.1.mpg	344
SF3047.1.mpg	666
SF3058.1.mpg	865
SF729A.1.mpg	283
SF2560.1.mpg	463
SF717A.1.mpg	590
SF712.1.mpg	783
SF707.1.mpg	720
SF3233A.1.mpg	539
SF2167A-B.1.mpg	952
SF3233B.1.mpg	493
SF2064A.1.mpg	596
SF2064B.1.mpg	454
SF1422.1.mpg	829
SF1424.1.mpg	705
SF1403.1.mpg	546
SF1426.1.mpg	850
SF1414.1.mpg	655
SF1407A.1.mpg	661
SF1433.1.mpg	506
SF1415.1.mpg	404
SF1409.1.mpg	755
SF1407B.1.mpg	471
SF1405.1.mpg	570
SF2993.1.mpg	756
SF1428.1.mpg	695
SF1884.1.mpg	907
SF1431A.1.mpg	630
SF1434.1.mpg	640
SF1406.1.mpg	728
SF1419.1.mpg	454
SF1423.1.mpg	782
SF1429.1.mpg	615
SF1413.1.mpg	755
SF1412.1.mpg	409
SF1870B.1.mpg	669
SF1441.1.mpg	600
SF1421.1.mpg	744
SF1410.1.mpg	669
SF1438.1.mpg	542
SF1408A.1.mpg	737
SF3007A-C.1.mpg	1541
SF3102.1.mpg	602
SF1420.1.mpg	670
SF2991.1.mpg	793
SF1425.1.mpg	671
SF1417.1.mpg	524
SF1404.1.mpg	559
SF2828.1.mpg	699
SF1427.1.mpg	850
SF3015A.1.mpg	417
SF2992.1.mpg	534
SF1431B.1.mpg	747
SF1411.1.mpg	665
SF1416.1.mpg	891
SF1432.1.mpg	771
SF1870A.1.mpg	483
SF3314.1.mpg	872
SF2994.1.mpg	680
SF2840.1.mpg	541
SF1437.1.mpg	778
SF3015B.1.mpg	262
SF1408B.1.mpg	401
SF1402.1.mpg	510
SF1439.1.mpg	485
SF1435.1.mpg	472
SF1430.1.mpg	496
SF1436.1.mpg	651
SF1418.1.mpg	817
SF2208.1.mpg	685
SF1866B.1.mpg	507
SF3234.1.mpg	706
SF3267.1.mpg	491
SF2480A.1.mpg	626
SF1799.1.mpg	668
SF1774A.1.mpg	745
SF1786.1.mpg	685
SF1783A.1.mpg	529
SF1800.1.mpg	823
SF1769.1.mpg	621
SF1772A.1.mpg	762
SF1792.1.mpg	600
SF1784A.1.mpg	568
SF1791.1.mpg	589
SF1781A.1.mpg	684
SF1797.1.mpg	597
SF2856A-B.1.mpg	1083
SF1803.1.mpg	474
SF1771.1.mpg	576
SF1773A.1.mpg	570
SF1801.1.mpg	621
SF1794.1.mpg	675
SF1793.1.mpg	725
SF1780C.1.mpg	631
SF1780A.1.mpg	655
SF1796.1.mpg	711
SF1776B.1.mpg	596
SF1789A.1.mpg	662
SF1767A.1.mpg	650
SF1805.1.mpg	608
SF1788A.1.mpg	474
SF1776A.1.mpg	589
SF1785.1.mpg	618
SF1790.1.mpg	552
SF1768.1.mpg	629
SF1806.1.mpg	706
SF1779A.1.mpg	657
SF1787.1.mpg	591
SF3345.1.mpg	664
SF1788B-C.1.mpg	1502
SF1780B.1.mpg	626
SF1775A.1.mpg	751
SF1777.1.mpg	618
SF1770.1.mpg	726
SF1795.1.mpg	622
SF1798.1.mpg	530
SF1804.1.mpg	631
SF1778A.1.mpg	799
SF1802.1.mpg	586
SF1812.1.mpg	624
SF2195.1.mpg	452
SF2196.1.mpg	838
SF3227A.1.mpg	543
SF3342A.1.mpg	456
SF3342B.1.mpg	609
SF3310.1.mpg	887
SF2834.1.mpg	1092
SF2221A-J.1.mpg	5982
SF3227B.1.mpg	710
SF3342C.1.mpg	207
SF1864.1.mpg	673
SF1128E.1.mpg	711
SF2732.1.mpg	796
SF1185.1.mpg	862
SF1151.1.mpg	597
SF1147C.1.mpg	648
SF1166.1.mpg	185
SF1152.1.mpg	935
SF2935A-B.1.mpg	1218
SF1180.1.mpg	835
SF1143A.1.mpg	351
SF2939.1.mpg	434
SF1181A.1.mpg	595
SF1177.1.mpg	341
SF1174.1.mpg	592
SF2862.1.mpg	513
SF1155.1.mpg	736
SF2942.1.mpg	918
SF1153.1.mpg	696
SF1184.1.mpg	577
SF1164.1.mpg	426
SF1162B.1.mpg	803
SF1172.1.mpg	511
SF1173.1.mpg	896
SF1885A-B.1.mpg	1104
SF1160.1.mpg	690
SF1147A.1.mpg	795
SF1885D.1.mpg	651
SF2745.1.mpg	821
SF1159B.1.mpg	473
SF1190.1.mpg	446
SF1154.1.mpg	624
SF1188A.1.mpg	839
SF1149.1.mpg	606
SF1145A.1.mpg	581
SF1150.1.mpg	811
SF1885E.1.mpg	611
SF1167.1.mpg	263
SF1191B.1.mpg	463
SF1176D.1.mpg	501
SF1176A.1.mpg	736
SF1157.1.mpg	646
SF2940.1.mpg	562
SF1189.1.mpg	605
SF1188B.1.mpg	735
SF1885C.1.mpg	501
SF1176B.1.mpg	604
SF1156.1.mpg	722
SF1181B.1.mpg	593
SF1162A.1.mpg	362
SF2855D.1.mpg	586
SF1168.1.mpg	269
SF2945.1.mpg	474
SF1145B.1.mpg	770
SF1183.1.mpg	537
SF2848.1.mpg	955
SF1161.1.mpg	662
SF1146.1.mpg	576
SF1158.1.mpg	799
SF1191A.1.mpg	552
SF3002.1.mpg	966
SF2849.1.mpg	606
SF1175.1.mpg	242
SF1179.1.mpg	594
SF1148.1.mpg	840
SF1170.1.mpg	300
SF1186.1.mpg	758
SF1163.1.mpg	91
SF2743B.1.mpg	605
SF1169.1.mpg	214
SF1187.1.mpg	739
SF1159A.1.mpg	533
SF1182B.1.mpg	267
SF2944.1.mpg	907
SF1171A.1.mpg	508
SF1178.1.mpg	908
SF1144.1.mpg	688
SF1182A.1.mpg	825
SF1165B.1.mpg	468
SF1176E.1.mpg	628
SF1165A.1.mpg	612
SF1876A-B.1.mpg	1104
SF1659.1.mpg	639
SF1658.1.mpg	769
SF1664.1.mpg	732
SF1657A.1.mpg	602
SF1661.1.mpg	859
SF1655.1.mpg	708
SF1663.1.mpg	759
SF1660A.1.mpg	787
SF1669.1.mpg	568
SF1674.1.mpg	701
SF1668.1.mpg	499
SF1685.1.mpg	532
SF1657B.1.mpg	770
SF1654.1.mpg	480
SF1656A.1.mpg	803
SF1662.1.mpg	718
SF1651.1.mpg	725
SF1679.1.mpg	726
SF1687.1.mpg	640
SF1676.1.mpg	628
SF1683A.1.mpg	838
SF1681.1.mpg	631
SF1660B.1.mpg	758
SF3301B.1.mpg	470
SF1656B.1.mpg	895
SF1678.1.mpg	803
SF1653.1.mpg	230
SF1686.1.mpg	606
SF3222.1.mpg	838
SF3265.1.mpg	515
SF1680B.1.mpg	751
SF1652.1.mpg	692
SF1670.1.mpg	708
SF1675.1.mpg	609
SF1684.1.mpg	661
SF1672.1.mpg	565
SF2833.1.mpg	659
SF1677.1.mpg	564
SF1667.1.mpg	474
SF1666.1.mpg	670
SF1665.1.mpg	721
SF3301A.1.mpg	500
SF3302.1.mpg	533
SF1682.1.mpg	616
SF1680A.1.mpg	600
SF1688.1.mpg	635
SF1673.1.mpg	638
SF1671.1.mpg	720
SF1752.1.mpg	599
SF1738.1.mpg	716
SF1753B.1.mpg	695
SF1737B.1.mpg	904
SF1881.1.mpg	1791
SF1730.1.mpg	653
SF3305.1.mpg	744
SF1744A.1.mpg	694
SF1760.1.mpg	521
SF1734A.1.mpg	891
SF1737A.1.mpg	571
SF1758.1.mpg	681
SF1742.1.mpg	702
SF1751.1.mpg	603
SF2820A-B.1.mpg	1104
SF1766.1.mpg	622
SF3307.1.mpg	413
SF1729.1.mpg	605
SF3357A.1.mpg	422
SF1756.1.mpg	741
SF1734B.1.mpg	378
SF1754.1.mpg	467
SF1746.1.mpg	759
SF1749.1.mpg	960
SF1741.1.mpg	441
SF1761.1.mpg	575
SF1735.1.mpg	740
SF1767B.1.mpg	797
SF1764.1.mpg	494
SF1748A.1.mpg	124
SF1743.1.mpg	619
SF1747.1.mpg	630
SF1732.1.mpg	644
SF1745.1.mpg	947
SF1759.1.mpg	674
SF1757.1.mpg	468
SF1750.1.mpg	805
SF3357B.1.mpg	363
SF1731.1.mpg	646
SF1733.1.mpg	684
SF1765.1.mpg	640
SF1763.1.mpg	514
SF1739.1.mpg	534
SF1736.1.mpg	900
SF1753A.1.mpg	596
SF1762A.1.mpg	868
SF1755.1.mpg	603
SF1740.1.mpg	567
MOT.1.mpg	689
SJ213.1.mpg	628
R1032.1.mpg	298
SJ73.1.mpg	746
SJ196.1.mpg	775
SJ119.1.mpg	988
R1033.1.mpg	522
SJ51B.1.mpg	260
Kino116.1.mpg	820
SJ51A.1.mpg	591
SJ63.1.mpg	830
R1085.1.mpg	537
R1086.1.mpg	426
SJ182.1.mpg	475
SJ207D.1.mpg	612
SJ207A.1.mpg	495
SJ207C.1.mpg	574
SJ207F.1.mpg	641
SJ207B.1.mpg	555
SJ65.1.mpg	1759
SJ174.1.mpg	479
SJ12.1.mpg	938
SJ16A.1.mpg	588
R1185.1.mpg	477
SJ62.1.mpg	334
SJ1.1.mpg	1716
SJ132.1.mpg	129
SJ204.1.mpg	1225
SJ91.1.mpg	321
SJ98.1.mpg	1333
SJ39.1.mpg	251
SJ74.1.mpg	716
SJ169.1.mpg	341
SJ49.1.mpg	174
SJ38.1.mpg	340
SJ41.1.mpg	600
SJ42.1.mpg	310
SJ161.1.mpg	847
SJ50.1.mpg	462
R1018.1.mpg	333
SJ94.1.mpg	408
SJ15.1.mpg	1691
SJ87.1.mpg	409
SJ56.1.mpg	507
SJ217.1.mpg	659
SJ208A.1.mpg	498
SJ208B.1.mpg	468
SJ205A.1.mpg	581
SJ205B.1.mpg	486
SJ-Mosskultur.1.mpg	284
SJ-Vastkusten.1.mpg	489
SJ-Svarton.1.mpg	221
SJ212B.1.mpg	639
SJ-StockholmC.1.mpg	267
SJ66.1.mpg	409
SJ209.1.mpg	699
SJ-Utstall.1.mpg	505
SJ23.1.mpg	408
SJ-Trafik.1.mpg	133
SJ-Rodakorset.1.mpg	182
SJ20.1.mpg	645
SJ44.1.mpg	561
SJ123A.1.mpg	551
SJ179.1.mpg	827
SJ139.1.mpg	648
SJ135.1.mpg	243
SJ129.1.mpg	707
SJ123B.1.mpg	513
SJ219.1.mpg	2029
SJ19.1.mpg	2055
SJ104.1.mpg	583
SJ158.1.mpg	638
SJ97.1.mpg	300
SJ170.1.mpg	140
SJ125.1.mpg	445
SJ10.1.mpg	126
SJ156.1.mpg	318
SJ96.1.mpg	240
R1116.1.mpg	103
SJ33.1.mpg	279
SJ152.1.mpg	1483
SJ40.1.mpg	285
R1187.1.mpg	271
SJA10.1.mpg	178
SJlok612.1.mpg	48
SJ203A.1.mpg	966
R1150.1.mpg	543
R1151.1.mpg	507
R1034.1.mpg	245
SJ31.1.mpg	606
R1031.1.mpg	409
SJ136.1.mpg	430
SJ134.1.mpg	344
SJ131.1.mpg	693
SJ164.1.mpg	333
SJ159.1.mpg	712
SJ148B.1.mpg	665
SJ58.1.mpg	266
SJ148A.1.mpg	532
SJ211.1.mpg	567
SJ-Jarnvagsmuseum.1.mpg	261
R1048.1.mpg	541
R1047.1.mpg	500
SJ2.1.mpg	652
SJ103.1.mpg	765
SJ141.1.mpg	361
SJ-Udsigt.1.mpg	282
SJ149C.1.mpg	597
SJ149A.1.mpg	661
SJ93.1.mpg	484
SJ149B.1.mpg	662
SJ8.1.mpg	489
SJ109.1.mpg	988
SJ-Rattvik.1.mpg	499
R1060.1.mpg	840
R1061.1.mpg	867
R1049.1.mpg	574
R1050.1.mpg	508
SJ212A.1.mpg	1116
Nuet19L.1.mpg	855
Nuet39C.1.mpg	591
Nuet49B.1.mpg	339
Nuet23C.1.mpg	377
Nuet42D.1.mpg	712
Nuet47B.1.mpg	434
Nuet18B.1.mpg	300
Nuet44B.1.mpg	437
Nuet48B.1.mpg	859
Nuet31C.1.mpg	681
Nuet29C.1.mpg	584
Nuet36B.1.mpg	608
Nuet19M.1.mpg	868
Nuet38B.1.mpg	386
Nuet20B.1.mpg	884
Nuet25B.1.mpg	791
Nuet47C.1.mpg	608
Nuet44C.1.mpg	746
Nuet31D.1.mpg	873
Nuet28C.1.mpg	635
Nuet45B.1.mpg	296
Nuet29B.1.mpg	708
Nuet26B.1.mpg	944
Nuet46B.1.mpg	838
Nuet35B.1.mpg	723
Nuet32C.1.mpg	641
Nuet24B.1.mpg	300
Nuet33B.1.mpg	592
Nuet34B.1.mpg	718
Nuet43C.1.mpg	588
Nuet19K.1.mpg	767
Nuet16B.1.mpg	338
Nuet23B.1.mpg	561
Nuet43B.1.mpg	456
Nuet39B.1.mpg	509
Nuet42B.1.mpg	538
Nuet42C.1.mpg	576
Nuet32B.1.mpg	739
Nuet101B.1.mpg	805
Nuet91B.1.mpg	782
Nuet86B.1.mpg	499
Nuet99B.1.mpg	686
Nuet89B.1.mpg	580
Nuet103D.1.mpg	704
Nuet90C.1.mpg	645
Nuet98B.1.mpg	827
Nuet101E.1.mpg	695
Nuet96B.1.mpg	720
Nuet91C.1.mpg	664
Nuet90B.1.mpg	581
Nuet92B.1.mpg	250
Nuet102B.1.mpg	324
Nuet101D.1.mpg	824
Nuet100B.1.mpg	635
Nuet93C.1.mpg	621
Nuet97B.1.mpg	610
Nuet95B.1.mpg	692
Nuet101C.1.mpg	871
Nuet4C.1.mpg	728
Nuet2B.1.mpg	620
Nuet3B.1.mpg	476
Nuet6B.1.mpg	512
Nuet11B.1.mpg	300
Nuet7C.1.mpg	708
Nuet28B.1.mpg	477
Nuet13B.1.mpg	836
Nuet10B.1.mpg	601
Nuet9B.1.mpg	764
Nuet8B.1.mpg	689
Nuet4B.1.mpg	726
Nuet34B_xcode.1.mpg	718
Nuet34B_xcode1500.1.mpg	718
Nuet1B.1.mpg	619
Nuet60B.1.mpg	529
Nuet62C.1.mpg	693
Nuet82C.1.mpg	872
Nuet57B.1.mpg	603
Nuet85B.1.mpg	650
Nuet78B.1.mpg	734
Nuet75B.1.mpg	434
Nuet50B.1.mpg	500
Nuet54B.1.mpg	464
Nuet84C.1.mpg	575
Nuet54C.1.mpg	614
Nuet52B.1.mpg	512
Nuet53C.1.mpg	745
Nuet79B.1.mpg	711
Nuet81B.1.mpg	795
Nuet76B.1.mpg	932
Nuet84B.1.mpg	663
Nuet51B.1.mpg	427
Nuet67B.1.mpg	620
Nuet65C.1.mpg	756
Nuet83C.1.mpg	473
Nuet54E.1.mpg	789
Nuet54D.1.mpg	630
Nuet70B.1.mpg	926
Nuet74B.1.mpg	668
Nuet66C.1.mpg	496
Nuet69B.1.mpg	442
Nuet61B.1.mpg	445
Nuet65B.1.mpg	778
Nuet76C.1.mpg	665
Nuet83B.1.mpg	832
Nuet63D.1.mpg	870
Nuet72B.1.mpg	683
Nuet64C.1.mpg	549
Nuet71B.1.mpg	831
Nuet54F.1.mpg	704
Nuet63C.1.mpg	836
Nuet55C.1.mpg	456
Nuet59B.1.mpg	279
Nuet49C.1.mpg	702
Nuet77B.1.mpg	528
Nuet62B.1.mpg	555
Nuet53B.1.mpg	348
Nuet75C.1.mpg	844
Nuet68C.1.mpg	617
Nuet80B.1.mpg	531
Kino235A-B.1.mpg	947
Kino103.1.mpg	756
Kino312B.1.mpg	623
Kino157.1.mpg	1124
Kino2B.1.mpg	718
Kino152.1.mpg	973
Kino27.1.mpg	542
Kino34.1.mpg	566
Kino81.1.mpg	549
Kino144A-E.1.mpg	5245
Kino209.1.mpg	905
Kino10B.1.mpg	675
Kino11C.1.mpg	697
Kino218A.1.mpg	475
Kino208.1.mpg	995
Kino16.1.mpg	602
Kino218B.1.mpg	494
Kino307.1.mpg	379
Kino60.1.mpg	787
Kino6.1.mpg	944
Kino12.1.mpg	544
Kino314.1.mpg	914
Kino304.1.mpg	590
Kino119.1.mpg	765
Kino162A.1.mpg	715
Kino120.1.mpg	786
Kino281.1.mpg	645
Kino300.1.mpg	745
Kino52.1.mpg	916
Kino317.1.mpg	549
Kino339.1.mpg	1128
Kino328.1.mpg	1637
Kino109.1.mpg	469
Kino227A.1.mpg	590
Kino174B.1.mpg	764
Kino188.1.mpg	679
Kino186.1.mpg	552
Kino168D.1.mpg	783
Kino1-2A.1.mpg	1516
Kino11B.1.mpg	764
Kino350.1.mpg	253
Kino154.1.mpg	115
Kino33.1.mpg	604
Kino64.1.mpg	614
Kino305.1.mpg	636
Kino312A.1.mpg	834
Kino184.1.mpg	831
Kino156.1.mpg	794
Kino315.1.mpg	703
Kino66.1.mpg	642
Kino57.1.mpg	998
Kino15.1.mpg	627
Kino207.1.mpg	734
Kino20.1.mpg	499
Kino25.1.mpg	576
Kino148.1.mpg	783
Kino143F.1.mpg	626
Kino23.1.mpg	640
Kino260.1.mpg	731
Kino58B.1.mpg	898
Kino21.1.mpg	631
Kino164B.1.mpg	616
Kino58A.1.mpg	621
Kino143B.1.mpg	836
Kino11A.1.mpg	487
Kino164A.1.mpg	723
Kino143E.1.mpg	703
Kino143C.1.mpg	846
Kino217.1.mpg	578
Kino162B.1.mpg	563
Kino216.1.mpg	314
Kino311B.1.mpg	708
Kino151.1.mpg	740
Kino162C.1.mpg	380
Kino345.1.mpg	596
Kino338.1.mpg	802
Kino56B.1.mpg	991
Kino342.1.mpg	949
Kino56A.1.mpg	902
Kino173.1.mpg	623
Kino105.1.mpg	854
Kino92.1.mpg	767
Kino35.1.mpg	477
Kino91.1.mpg	813
Kino170.1.mpg	824
Kino175.1.mpg	513
Kino107.1.mpg	662
Kino147A.1.mpg	855
Kino153B.1.mpg	851
Kino93.1.mpg	872
Kino204.1.mpg	1205
Kino203B.1.mpg	1193
Kino203A.1.mpg	968
Kino311A.1.mpg	551
Kino10C.1.mpg	550
Kino168E.1.mpg	599
Kino4.1.mpg	606
Kino172.1.mpg	842
Kino79.1.mpg	329
Kino171.1.mpg	830
Kino76A.1.mpg	487
Kino77B.1.mpg	365
Kino77A.1.mpg	695
Kino298A-E.1.mpg	2817
Kino122.1.mpg	669
Kino169.1.mpg	686
Kino145.1.mpg	855
Kino215.1.mpg	608
Kino71B.1.mpg	529
Kino71A.1.mpg	589
Kino143A.1.mpg	612
Kino174A.1.mpg	778
Kino100.1.mpg	705
Kino98.1.mpg	691
Kino101.1.mpg	803
Kino8.1.mpg	1117
Kino108.1.mpg	680
Kino102.1.mpg	654
Kino115.1.mpg	559
Kino147B.1.mpg	581
Kino39A-B.1.mpg	1149
Kino234B.1.mpg	748
Kino168B.1.mpg	729
Kino128.1.mpg	807
Kino74.1.mpg	552
Kino155B.1.mpg	585
Kino189.1.mpg	818
Kino234A.1.mpg	602
Kino187.1.mpg	670
Kino26.1.mpg	433
Kino118.1.mpg	936
Kino24.1.mpg	680
Kino117.1.mpg	955
Kino346-1.1.mpg	965
Kino298E.1.mpg	654
Kino346-2.1.mpg	918
Kino106.1.mpg	876
Kino346.1.mpg	764
Kino136.1.mpg	430
Kino95.1.mpg	666
Kino97.1.mpg	745
Kino99.1.mpg	526
Kino262.1.mpg	1036
Kino96.1.mpg	657
Kino94.1.mpg	720
Kino163.1.mpg	882
Kino210.1.mpg	1107
Kino29.1.mpg	531
Kino219.1.mpg	846
Kino134.1.mpg	823
Kino42.1.mpg	535
Kino90.1.mpg	891
Kino3.1.mpg	644
Kino206.1.mpg	861
Kino331.1.mpg	562
Kino142A.1.mpg	791
Kino142B.1.mpg	676
Kino158.1.mpg	929
Kino150.1.mpg	749
Kino22.1.mpg	436
Kino205.1.mpg	763
Kino89.1.mpg	822
Kino159.1.mpg	654
Kino139.1.mpg	855
Kino65.1.mpg	735
Kino5.1.mpg	693
Kino112.1.mpg	539
Kino104.1.mpg	575
Kino10A.1.mpg	662
Kino164C.1.mpg	611
Kino129B.1.mpg	986
Kino126.1.mpg	609
Kino127.1.mpg	657
Kino182A.1.mpg	468
Kino125.1.mpg	607
Kino124.1.mpg	679
SF1932.1.mpg	216
SF1906A-B.1.mpg	1016
SF2912.1.mpg	862
SF1079B-C.1.mpg	952
SF1098B.1.mpg	335
SF3275A.1.mpg	592
SF1082B.1.mpg	361
SF487.1.mpg	756
SF482A.1.mpg	764
SF1872A-C.1.mpg	2023
SF474.1.mpg	384
SF484E.1.mpg	276
SF493.1.mpg	599
SF473.1.mpg	362
SF471A.1.mpg	337
SF496.1.mpg	288
SF469.1.mpg	182
SF476.1.mpg	586
SF480.1.mpg	293
SF489.1.mpg	397
SF483A.1.mpg	561
SF484A.1.mpg	633
SF499.1.mpg	262
SF490.1.mpg	167
SF1871A-C.1.mpg	1843
SF500.1.mpg	387
SF488A.1.mpg	480
SF498.1.mpg	307
SF491.1.mpg	421
SF478.1.mpg	157
SF471B.1.mpg	547
SF485.1.mpg	333
SF486.1.mpg	464
SF1924.1.mpg	508
SF471C-D.1.mpg	933
SF466.1.mpg	675
SF2512.1.mpg	499
SF1973.1.mpg	562
SF492.1.mpg	809
SF467.1.mpg	249
SF468.1.mpg	348
SF479.1.mpg	426
SF488C.1.mpg	572
SF2508.1.mpg	698
SF475.1.mpg	105
SF494.1.mpg	780
SF495.1.mpg	449
SF482B.1.mpg	533
SF2530.1.mpg	523
SF484C-D.1.mpg	1291
SF488B.1.mpg	472
SF464.1.mpg	234
SF463.1.mpg	217
SF470.1.mpg	302
SF497.1.mpg	173
SF484B.1.mpg	675
SF483B.1.mpg	749
SF641A.1.mpg	575
SF2532.1.mpg	696
SF631B.1.mpg	284
SF657.1.mpg	545
SF622.1.mpg	683
SF642A.1.mpg	483
SF645.1.mpg	464
SF647.1.mpg	598
SF629.1.mpg	499
SF633.1.mpg	394
SF2549.1.mpg	450
SF3113.1.mpg	540
SF653.1.mpg	537
SF646.1.mpg	663
SF626.1.mpg	761
SF2511.1.mpg	745
SF641B.1.mpg	514
SF635.1.mpg	245
SF627.1.mpg	580
SF631A.1.mpg	601
SF2528D.1.mpg	638
SF639.1.mpg	749
SF650.1.mpg	321
SF3051C.1.mpg	517
SF640.1.mpg	930
SF652.1.mpg	471
SF655.1.mpg	204
SF2533.1.mpg	646
SF625.1.mpg	635
SF630A.1.mpg	680
SF2544.1.mpg	630
SF654.1.mpg	454
SF2531.1.mpg	475
SF651.1.mpg	450
SF624.1.mpg	502
SF1946A.1.mpg	538
SF3051A.1.mpg	503
SF630C.1.mpg	418
SF638.1.mpg	622
SF642B.1.mpg	371
SF3067.1.mpg	550
SF2529.1.mpg	724
SF630B.1.mpg	572
SF648.1.mpg	557
SF623.1.mpg	633
SF634.1.mpg	430
SF2534.1.mpg	445
SF628.1.mpg	910
SF656.1.mpg	888
SF637.1.mpg	582
SF643.1.mpg	592
SF1920A.1.mpg	802
SF644.1.mpg	469
SF636.1.mpg	391
SF621.1.mpg	802
SF632.1.mpg	314
SF649.1.mpg	414
SF1540B.1.mpg	801
SF1516D.1.mpg	581
SF1539B.1.mpg	642
SF1542B.1.mpg	540
SF1539C.1.mpg	709
SF3274B.1.mpg	573
SF1541C.1.mpg	793
SF1531C.1.mpg	439
SF1544B.1.mpg	866
SF1516C.1.mpg	557
SF1541B.1.mpg	695
SF3282B.1.mpg	621
SF1528B.1.mpg	677
SF511.1.mpg	482
SF510.1.mpg	275
SF528.1.mpg	576
SF515.1.mpg	551
SF530.1.mpg	452
SF537.1.mpg	459
SF2503B.1.mpg	498
SF525.1.mpg	794
SF506.1.mpg	420
SF522.1.mpg	942
SF1877A-B.1.mpg	1320
SF2502D.1.mpg	637
SF531.1.mpg	378
SF2502C.1.mpg	760
SF512.1.mpg	573
SF529.1.mpg	595
SF535.1.mpg	239
SF3325C.1.mpg	495
SF2503D.1.mpg	655
SF514.1.mpg	636
SF3037C-D.1.mpg	1135
SF526.1.mpg	775
SF3325D.1.mpg	681
SF524.1.mpg	953
SF3325B.1.mpg	761
SF2502A-B.1.mpg	1074
SF3325A.1.mpg	750
SF3042.1.mpg	561
SF501.1.mpg	241
SF502.1.mpg	330
SF533.1.mpg	238
SF518.1.mpg	708
SF3060.1.mpg	552
SF516.1.mpg	315
SF507.1.mpg	286
SF532.1.mpg	382
SF517.1.mpg	641
SF523A.1.mpg	698
SF521A.1.mpg	677
SF2503A.1.mpg	728
SF519.1.mpg	423
SF534.1.mpg	245
SF509.1.mpg	750
SF508.1.mpg	639
SF3037A-B.1.mpg	1058
SF527A.1.mpg	534
SF513.1.mpg	522
SF2555.1.mpg	844
SF527B.1.mpg	591
SF520.1.mpg	559
SF536.1.mpg	386
SF521B.1.mpg	866
SF504.1.mpg	198
SF523B.1.mpg	877
SF2503C.1.mpg	511
SF503.1.mpg	170
SF3323.1.mpg	509
SF2502E.1.mpg	534
SF3276C.1.mpg	486
SF1637B.1.mpg	891
SF1615.1.mpg	699
SF3288.1.mpg	653
SF1622B.1.mpg	889
SF1629B.1.mpg	643
SF1633B.1.mpg	917
SF3330A.1.mpg	568
SF1647C.1.mpg	813
SF1618B.1.mpg	285
SF1630B.1.mpg	411
SF3330B.1.mpg	622
SF3275C.1.mpg	683
SF3289A.1.mpg	636
SF1635B.1.mpg	435
SF1631B.1.mpg	329
SF1622C.1.mpg	759
SF2127.1.mpg	735
SF2003.1.mpg	835
SF1917A.1.mpg	439
SF975D.1.mpg	354
SF2670F.1.mpg	526
SF966A.1.mpg	517
SF967A.1.mpg	444
SF3311F.1.mpg	685
SF1917B.1.mpg	250
SF983B.1.mpg	336
SF2954.1.mpg	745
SF985C.1.mpg	693
SF3086.1.mpg	565
SF1934A-D.1.mpg	2299
SF2670E.1.mpg	746
SF982C.1.mpg	465
SF2669.1.mpg	667
SF992C.1.mpg	364
SF968.1.mpg	622
SF1701B.1.mpg	607
SF3349.1.mpg	667
SF1701C.1.mpg	509
SF3350B.1.mpg	341
SF3347.1.mpg	616
SF3350A.1.mpg	824
SF2095.1.mpg	513
SF2168.1.mpg	589
SF2098.1.mpg	585
SF3046.1.mpg	365
SF2046.1.mpg	548
SF2097.1.mpg	618
SF2099B.1.mpg	463
SF2116.1.mpg	689
SF2207.1.mpg	371
SF189.1.mpg	327
SF2099A.1.mpg	877
SF2085.1.mpg	657
SF2500A.1.mpg	853
SF2083.1.mpg	633
SF2080.1.mpg	560
SF2101B.1.mpg	750
SF2121.1.mpg	572
SF2209C.1.mpg	1087
SF2059.1.mpg	666
SF3264.1.mpg	931
SF2062A.1.mpg	513
SF2075.1.mpg	540
SF2122.1.mpg	775
SF2100B.1.mpg	408
SF2143.1.mpg	619
SF2210.1.mpg	914
SF2079.1.mpg	525
SF2201.1.mpg	551
SF3133.1.mpg	462
SF2090.1.mpg	704
SF2100A.1.mpg	640
SF3040B.1.mpg	739
SF956B.1.mpg	576
SF946C.1.mpg	875
SF960B.1.mpg	400
SF3091.1.mpg	577
SF3098.1.mpg	417
SF1930A.1.mpg	620
SF1916.1.mpg	555
SF931C.1.mpg	500
SF1935A-C.1.mpg	1681
SF1930B.1.mpg	513
SF3285A.1.mpg	884
SF987B.1.mpg	674
SF955E.1.mpg	535
SF940B.1.mpg	364
SF945I.1.mpg	493
SF958B.1.mpg	421
SF1911.1.mpg	576
SF1998A.1.mpg	258
SF931D.1.mpg	440
SF1931A-B.1.mpg	1237
SF939B.1.mpg	573
SF947B.1.mpg	557
SF3336.1.mpg	797
SF1860B.1.mpg	524
SF1838B.1.mpg	607
SF3335.1.mpg	794
SF3338.1.mpg	938
SF3311D.1.mpg	869
SF2744.1.mpg	479
SF3276B.1.mpg	835
SF1219A.1.mpg	574
SF2929.1.mpg	730
SF1222B.1.mpg	604
SF1219B.1.mpg	869
SF1226B.1.mpg	251
SF2930A-B.1.mpg	1169
SF144.1.mpg	713
SF110B.1.mpg	815
SF127.1.mpg	807
SF2348.1.mpg	614
SF2754.1.mpg	473
SF120.1.mpg	928
SF2355A.1.mpg	410
SF2390J.1.mpg	489
SF134.1.mpg	920
SF118.1.mpg	712
SF137.1.mpg	685
SF2390I.1.mpg	558
SF1996.1.mpg	642
SF147A.1.mpg	288
SF128A.1.mpg	979
SF143B.1.mpg	603
SF147D.1.mpg	795
SF2359.1.mpg	902
SF2644B.1.mpg	673
SF119.1.mpg	532
SF2365.1.mpg	531
SF136.1.mpg	714
SF124.1.mpg	703
SF140.1.mpg	894
SF2382B.1.mpg	590
SF2347.1.mpg	552
SF2371.1.mpg	584
SF129.1.mpg	893
SF2395B.1.mpg	580
SF123.1.mpg	952
SF143A.1.mpg	456
SF2341A.1.mpg	522
SF112.1.mpg	581
SF2355B.1.mpg	484
SF2390K.1.mpg	555
SF142.1.mpg	802
SF106.1.mpg	990
SF2389A.1.mpg	700
SF146.1.mpg	300
SF2382A.1.mpg	904
SF132.1.mpg	648
SF2350.1.mpg	410
SF2402.1.mpg	627
SF2389B.1.mpg	825
SF141.1.mpg	626
SF2342.1.mpg	454
SF2390G.1.mpg	498
SF2374.1.mpg	808
SF130.1.mpg	1134
SF2349.1.mpg	890
SF2352.1.mpg	868
SF145.1.mpg	510
SF2385.1.mpg	542
SF2644A.1.mpg	676
SF147C.1.mpg	813
SF2382C.1.mpg	638
SF2362.1.mpg	579
SF1995.1.mpg	653
SF3167.1.mpg	115
SF2341B.1.mpg	608
SF2353.1.mpg	485
SF128B.1.mpg	533
SF138.1.mpg	631
SF2343.1.mpg	452
SF2364.1.mpg	738
SF2346.1.mpg	443
SF147B.1.mpg	1266
SF110A.1.mpg	830
SF121.1.mpg	757
SF2390F.1.mpg	491
SF133.1.mpg	1416
SF2399.1.mpg	579
SF2400.1.mpg	786
SF139.1.mpg	1033
SF2372A.1.mpg	932
SF131.1.mpg	1315
SF2363.1.mpg	603
SF2816B.1.mpg	443
SF2985B.1.mpg	615
SF2809.1.mpg	901
SF1278C.1.mpg	717
SF1280B.1.mpg	273
SF1255C.1.mpg	817
SF1251.1.mpg	558
SF1278B.1.mpg	646
SF1254B.1.mpg	811
SF1243.1.mpg	606
SF2770D.1.mpg	802
SF2770C.1.mpg	371
SF1241.1.mpg	647
SF1247B.1.mpg	738
SF1242.1.mpg	744
SF1265B.1.mpg	756
SF1262B.1.mpg	545
SF2931A-B.1.mpg	1068
SF1318.1.mpg	645
SF3075.1.mpg	723
SF1297B.1.mpg	614
SF1304B.1.mpg	683
SF3092.1.mpg	558
SF3076C.1.mpg	584
SF2984B.1.mpg	534
SF3101.1.mpg	694
SF3089.1.mpg	685
SF2841.1.mpg	863
SF3076E.1.mpg	620
SF3076B.1.mpg	591
SF1303E.1.mpg	655
SF2209B.1.mpg	673
SF2107.1.mpg	719
SF2133B.1.mpg	533
SF2088.1.mpg	633
SF2125.1.mpg	533
SF2146.1.mpg	615
SF2111.1.mpg	688
SF2089.1.mpg	867
SF2115.1.mpg	545
SF3018.1.mpg	707
SF2131.1.mpg	625
SF2086.1.mpg	486
SF2104.1.mpg	923
SF2130.1.mpg	562
SF2117.1.mpg	659
SF2217.1.mpg	600
SF3284.1.mpg	556
SF2109.1.mpg	587
SF2211.1.mpg	564
SF2132.1.mpg	638
SF2093.1.mpg	518
SF2087.1.mpg	594
SF2133A.1.mpg	512
SF2114.1.mpg	528
SF2108.1.mpg	658
SF2118A.1.mpg	541
SF2182.1.mpg	506
SF2193.1.mpg	516
SF2113.1.mpg	630
SF2106.1.mpg	576
SF2110.1.mpg	606
SF2112.1.mpg	911
SF2141B.1.mpg	318
SF2262.1.mpg	685
SF2105.1.mpg	510
SF2209A.1.mpg	773
SF2404.1.mpg	756
SF2185.1.mpg	506
SF2103.1.mpg	537
SF2118B.1.mpg	434
SF2014B.1.mpg	585
SF2218.1.mpg	374
SF2219.1.mpg	802
SF2148.1.mpg	753
SF2147.1.mpg	539
SF2149.1.mpg	551
SF2152.1.mpg	846
SF2126.1.mpg	841
SF2626A.1.mpg	744
SF2220C.1.mpg	723
SF2220A.1.mpg	626
SF2102B.1.mpg	764
SF2005.1.mpg	293
SF3311E.1.mpg	757
SF1865A.1.mpg	646
SF2829A-B.1.mpg	1011
SF409.1.mpg	613
SF388.1.mpg	914
SF384.1.mpg	322
SF411.1.mpg	429
SF2501A-B.1.mpg	1107
SF2547.1.mpg	663
SF402A-C.1.mpg	1688
SF398.1.mpg	763
SF2483.1.mpg	547
SF3025.1.mpg	737
SF405.1.mpg	489
SF391.1.mpg	619
SF406B.1.mpg	841
SF400.1.mpg	814
SF414.1.mpg	365
SF401.1.mpg	818
SF1909A-C.1.mpg	1589
SF2476C.1.mpg	774
SF412.1.mpg	687
SF3021B.1.mpg	533
SF423.1.mpg	103
SF186.1.mpg	821
SF399.1.mpg	501
SF417.1.mpg	148
SF3023.1.mpg	594
SF407.1.mpg	554
SF382.1.mpg	456
SF3026.1.mpg	477
SF421B.1.mpg	581
SF2490.1.mpg	338
SF3034.1.mpg	426
SF396.1.mpg	674
SF390.1.mpg	826
SF422.1.mpg	205
SF3021A.1.mpg	513
SF193.1.mpg	735
SF3035.1.mpg	596
SF397.1.mpg	295
SF416.1.mpg	220
SF394.1.mpg	249
SF3033.1.mpg	532
SF403C.1.mpg	528
SF392.1.mpg	742
SF3090.1.mpg	473
SF402D.1.mpg	902
SF389.1.mpg	509
SF419.1.mpg	337
SF404.1.mpg	584
SF2850.1.mpg	634
SF2484.1.mpg	605
SF413.1.mpg	385
SF395.1.mpg	789
SF2487.1.mpg	468
SF2482.1.mpg	687
SF393.1.mpg	676
SF403A-B.1.mpg	1584
SF2476A.1.mpg	714
SF2485.1.mpg	507
SF3032A-B.1.mpg	1179
SF3022.1.mpg	587
SF418.1.mpg	451
SF383A-B.1.mpg	1009
SF408.1.mpg	216
SF2474.1.mpg	418
SF2000.1.mpg	714
SF3030.1.mpg	669
SF2495A.1.mpg	608
SF3024.1.mpg	789
SF3031.1.mpg	817
SF386.1.mpg	481
SF421A.1.mpg	373
SF2475.1.mpg	915
SF2489.1.mpg	404
SF385.1.mpg	923
SF406A.1.mpg	554
SF2488.1.mpg	454
SF194.1.mpg	830
SF3036A-C.1.mpg	2023
SF2476B.1.mpg	632
SF2486.1.mpg	546
SF415.1.mpg	588
SF3027.1.mpg	587
SF381.1.mpg	746
SF387.1.mpg	411
SF420.1.mpg	1164
SF2469.1.mpg	459
SF294.1.mpg	764
SF2457.1.mpg	822
SF285.1.mpg	133
SF2438.1.mpg	573
SF271.1.mpg	588
SF2757.1.mpg	403
SF282.1.mpg	171
SF274.1.mpg	520
SF3176.1.mpg	703
SF2448.1.mpg	600
SF1975A-B.1.mpg	1046
SF291.1.mpg	560
SF2434.1.mpg	657
SF3020.1.mpg	661
SF2427A.1.mpg	712
SF2758.1.mpg	354
SF292.1.mpg	271
SF286.1.mpg	358
SF3270.1.mpg	817
SF2425B.1.mpg	817
SF2499.1.mpg	490
SF2425A.1.mpg	558
SF268.1.mpg	748
SF2454.1.mpg	705
SF192.1.mpg	571
SF2449.1.mpg	660
SF3072.1.mpg	751
SF288.1.mpg	220
SF273.1.mpg	641
SF2451.1.mpg	603
SF269.1.mpg	884
SF255-256.1.mpg	802
SF257.1.mpg	81
SF2455.1.mpg	672
SF2433.1.mpg	587
SF2452.1.mpg	647
SF278.1.mpg	724
SF2473.1.mpg	706
SF249.1.mpg	476
SF2424.1.mpg	455
SF2472.1.mpg	828
SF2460.1.mpg	434
SF261.1.mpg	308
SF258.1.mpg	335
SF280.1.mpg	161
SF184.1.mpg	533
SF2436.1.mpg	685
SF264.1.mpg	863
SF277.1.mpg	376
SF2458.1.mpg	922
SF2427B.1.mpg	948
SF2453.1.mpg	810
SF260B.1.mpg	428
SF254.1.mpg	664
SF266.1.mpg	495
SF276.1.mpg	556
SF2467.1.mpg	323
SF272.1.mpg	769
SF293.1.mpg	215
SF2462.1.mpg	819
SF281.1.mpg	718
SF290.1.mpg	167
SF270.1.mpg	700
SF1980B.1.mpg	564
SF2435.1.mpg	707
SF275.1.mpg	339
SF267.1.mpg	743
SF2491A-B.1.mpg	1062
SF2422.1.mpg	894
SF287.1.mpg	838
SF2439.1.mpg	730
SF253.1.mpg	349
SF262.1.mpg	679
SF2446.1.mpg	546
SF2432.1.mpg	563
SF2514.1.mpg	718
SF201.1.mpg	714
SF2459.1.mpg	578
SF2426.1.mpg	555
SF2427C.1.mpg	658
SF263.1.mpg	736
SF284.1.mpg	543
SF1980A.1.mpg	793
SF2413.1.mpg	873
SF1980E.1.mpg	893
SF2443B.1.mpg	579
SF279.1.mpg	152
SF2461.1.mpg	1004
SF1980D.1.mpg	582
SF2420.1.mpg	840
SF2500B.1.mpg	531
SF265.1.mpg	306
SF260A.1.mpg	723
SF1979.1.mpg	454
SF2014A.1.mpg	609
SF2120.1.mpg	1020
SF2011.1.mpg	503
SF2203.1.mpg	734
SF2150.1.mpg	452
SF2151.1.mpg	473
SF2009B.1.mpg	383
SF2006.1.mpg	680
SF2220D.1.mpg	580
SF2010.1.mpg	549
SF2008.1.mpg	393
SF2223.1.mpg	381
SF1896.1.mpg	589
SF2013.1.mpg	424
SF2213.1.mpg	597
SF2900A-B.1.mpg	692
SF3235.1.mpg	504
SF3255E.1.mpg	596
SF3255F.1.mpg	723
SF1592B.1.mpg	470
SF1566B.1.mpg	473
SF1606B.1.mpg	528
SF3220A.1.mpg	633
SF1578B.1.mpg	539
SF1603.1.mpg	586
SF2586.1.mpg	544
SF2582.1.mpg	664
SF557.1.mpg	404
SF1897G.1.mpg	511
SF577.1.mpg	99
SF3041.1.mpg	652
SF568.1.mpg	331
SF540.1.mpg	363
SF570.1.mpg	576
SF2578.1.mpg	621
SF543.1.mpg	389
SF553.1.mpg	351
SF571.1.mpg	480
SF2520.1.mpg	831
SF1897D.1.mpg	497
SF562B.1.mpg	779
SF581.1.mpg	203
SF548.1.mpg	758
SF2519F.1.mpg	488
SF1863.1.mpg	984
SF2557B.1.mpg	728
SF2576.1.mpg	529
SF2515A-B.1.mpg	821
SF563C.1.mpg	571
SF2519C.1.mpg	718
SF561A.1.mpg	529
SF574.1.mpg	766
SF580.1.mpg	513
SF2575.1.mpg	424
SF562A.1.mpg	550
SF561B.1.mpg	512
SF3246.1.mpg	900
SF2557A.1.mpg	728
SF552.1.mpg	431
SF551.1.mpg	344
SF2507B.1.mpg	624
SF576.1.mpg	538
SF578.1.mpg	1245
SF545.1.mpg	463
SF565.1.mpg	861
SF558.1.mpg	848
SF555.1.mpg	410
SF2577.1.mpg	582
SF2587.1.mpg	451
SF1897C.1.mpg	476
SF579.1.mpg	695
SF542.1.mpg	449
SF2525.1.mpg	720
SF560.1.mpg	836
SF547.1.mpg	905
SF2583.1.mpg	593
SF556A.1.mpg	531
SF1897A.1.mpg	452
SF563A.1.mpg	601
SF567.1.mpg	484
SF2507A.1.mpg	352
SF563B.1.mpg	909
SF572.1.mpg	940
SF549.1.mpg	851
SF569.1.mpg	370
SF554.1.mpg	527
SF546.1.mpg	774
SF1897E.1.mpg	545
SF2518.1.mpg	690
SF575.1.mpg	519
SF2581.1.mpg	541
SF2519A.1.mpg	492
SF2513.1.mpg	554
SF550.1.mpg	482
SF2981B.1.mpg	456
SF541.1.mpg	522
SF1897B.1.mpg	619
SF559.1.mpg	789
SF2519E.1.mpg	563
SF1897F.1.mpg	322
SF2574.1.mpg	418
SF2573A-C.1.mpg	1744
SF566A.1.mpg	720
SF2519B.1.mpg	603
SF573.1.mpg	628
SF2585.1.mpg	518
SF1495B.1.mpg	407
SF2961A-C.1.mpg	1422
SF3200B.1.mpg	546
SF3285B.1.mpg	770
SF3258.1.mpg	748
SF672.1.mpg	408
SF682.1.mpg	595
SF2538.1.mpg	614
SF2569C.1.mpg	447
SF1972.1.mpg	824
SF2541.1.mpg	712
SF2537A.1.mpg	758
SF2548A-B.1.mpg	906
SF2545C.1.mpg	349
SF1905A-B.1.mpg	1099
SF1994.1.mpg	608
SF667A.1.mpg	694
SF691.1.mpg	330
SF679C.1.mpg	871
SF670.1.mpg	806
SF688.1.mpg	885
SF664.1.mpg	356
SF663B.1.mpg	383
SF693.1.mpg	561
SF668.1.mpg	178
SF665.1.mpg	343
SF685.1.mpg	374
SF2570.1.mpg	546
SF3356.1.mpg	441
SF1956A.1.mpg	420
SF660.1.mpg	577
SF673.1.mpg	735
SF686.1.mpg	408
SF2545A.1.mpg	381
SF662.1.mpg	246
SF2540.1.mpg	776
SF2535B.1.mpg	423
SF680.1.mpg	154
SF679B.1.mpg	657
SF2539.1.mpg	797
SF687.1.mpg	385
SF677.1.mpg	580
SF1952.1.mpg	570
SF678B.1.mpg	455
SF2543B.1.mpg	263
SF2542D.1.mpg	451
SF2569B.1.mpg	822
SF2545D.1.mpg	420
SF2536A-E.1.mpg	3299
SF1922.1.mpg	453
SF669.1.mpg	312
SF2545B.1.mpg	398
SF3272A.1.mpg	596
SF3272B.1.mpg	659
SF2579.1.mpg	539
SF1953.1.mpg	504
SF684.1.mpg	227
SF692.1.mpg	520
SF1956B.1.mpg	587
SF690.1.mpg	297
SF2556.1.mpg	754
SF671.1.mpg	223
SF681.1.mpg	715
SF2535A.1.mpg	950
SF695.1.mpg	776
SF2545E.1.mpg	368
SF2522.1.mpg	781
SF666.1.mpg	867
SF678A.1.mpg	610
SF2553B.1.mpg	536
SF3062.1.mpg	569
SF2551.1.mpg	679
SF683.1.mpg	820
SF2569A.1.mpg	563
SF1920B.1.mpg	736
SF2537B.1.mpg	444
SF2960B.1.mpg	444
SF2960A.1.mpg	557
SF1381B.1.mpg	781
SF2818B.1.mpg	566
SF1500E.1.mpg	704
SF1382C.1.mpg	702
SF2839B.1.mpg	390
SF3247.1.mpg	771
SF1382B.1.mpg	587
SF2381B.1.mpg	770
SF90.1.mpg	1371
SF2752.1.mpg	485
SF83.1.mpg	288
SF2324.1.mpg	598
SF1891A.1.mpg	753
SF188.1.mpg	765
SF2330.1.mpg	501
SF102.1.mpg	757
SF87-88.1.mpg	627
SF2361.1.mpg	893
SF1890B.1.mpg	761
SF85.1.mpg	913
SF95.1.mpg	793
SF82.1.mpg	270
SF2381A.1.mpg	453
SF2381C.1.mpg	654
SF2384.1.mpg	497
SF99.1.mpg	662
SF74.1.mpg	464
SF180.1.mpg	507
SF2320.1.mpg	798
SF2357.1.mpg	534
SF2309A.1.mpg	484
SF71.1.mpg	539
SF2312.1.mpg	463
SF2807.1.mpg	966
SF2380A.1.mpg	680
SF2753.1.mpg	316
SF3277A.1.mpg	648
SF2751.1.mpg	341
SF1997.1.mpg	810
SF2326C.1.mpg	549
SF2325.1.mpg	528
SF3106.1.mpg	761
SF2307.1.mpg	480
SF2319.1.mpg	835
SF2315.1.mpg	519
SF2354.1.mpg	601
SF2336.1.mpg	504
SF84.1.mpg	1278
SF91A.1.mpg	440
SF2372B.1.mpg	505
SF2335.1.mpg	609
SF103.1.mpg	814
SF2321.1.mpg	445
SF2331.1.mpg	734
SF2388A.1.mpg	310
SF2338A.1.mpg	789
SF97.1.mpg	671
SF2317.1.mpg	762
SF91B.1.mpg	865
SF2656B.1.mpg	600
SF2344.1.mpg	736
SF2337.1.mpg	596
SF2236.1.mpg	655
SF75.1.mpg	680
SF2311.1.mpg	472
SF2310.1.mpg	494
SF2388B.1.mpg	698
SF202.1.mpg	941
SF2313.1.mpg	672
SF1890A.1.mpg	601
SF2329B.1.mpg	325
SF2316.1.mpg	567
SF2326B.1.mpg	465
SF2326A.1.mpg	533
SF70.1.mpg	630
SF100.1.mpg	1228
SF181.1.mpg	922
SF2333.1.mpg	594
SF2326D.1.mpg	738
SF2379.1.mpg	1001
SF2380B.1.mpg	602
SF2329A.1.mpg	863
SF2339.1.mpg	427
SF86.1.mpg	754
SF2328.1.mpg	427
SF92.1.mpg	564
SF2322.1.mpg	485
SF2334.1.mpg	691
SF2308.1.mpg	601
SF2327.1.mpg	474
SF2338B.1.mpg	779
SF2124.1.mpg	629
SF1969A-B.1.mpg	1120
SF790C.1.mpg	827
SF798.1.mpg	198
SF2629.1.mpg	929
SF772.1.mpg	516
SF770C.1.mpg	466
SF2637A.1.mpg	445
SF791A.1.mpg	243
SF787B.1.mpg	321
SF795B.1.mpg	658
SF809B.1.mpg	424
SF790D.1.mpg	633
SF2637B.1.mpg	603
SF1898.1.mpg	502
SF778B.1.mpg	464
SF792B.1.mpg	389
SF789.1.mpg	458
SF2628.1.mpg	593
SF1970.1.mpg	716
SF2675B.1.mpg	449
SF791B.1.mpg	774
SF1915.1.mpg	569
SF352.1.mpg	347
SF344.1.mpg	570
SF3028.1.mpg	517
SF369.1.mpg	421
SF367A.1.mpg	617
SF342.1.mpg	305
SF355.1.mpg	417
SF354.1.mpg	300
SF366.1.mpg	811
SF374.1.mpg	324
SF353.1.mpg	302
SF340.1.mpg	572
SF357.1.mpg	563
SF2498.1.mpg	630
SF364.1.mpg	733
SF2478.1.mpg	906
SF370.1.mpg	443
SF358.1.mpg	326
SF351.1.mpg	910
SF341.1.mpg	368
SF360A.1.mpg	568
SF367C.1.mpg	533
SF368.1.mpg	430
SF375.1.mpg	927
SF362.1.mpg	732
SF356.1.mpg	562
SF347.1.mpg	306
SF2428E.1.mpg	768
SF365.1.mpg	546
SF350.1.mpg	339
SF1992A-B.1.mpg	1224
SF363.1.mpg	703
SF1893.1.mpg	981
SF2468.1.mpg	671
SF361A.1.mpg	592
SF348.1.mpg	365
SF3064.1.mpg	950
SF2428B.1.mpg	862
SF371.1.mpg	541
SF373.1.mpg	273
SF376.1.mpg	178
SF2497.1.mpg	795
SF343.1.mpg	474
SF2760.1.mpg	379
SF3249.1.mpg	546
SF380.1.mpg	417
SF372.1.mpg	523
SF361B.1.mpg	517
SF345.1.mpg	265
SF3016.1.mpg	505
SF359.1.mpg	298
SF3029.1.mpg	705
SF379B.1.mpg	422
SF2428D.1.mpg	696
SF349.1.mpg	388
SF378.1.mpg	521
SF3108A-B.1.mpg	1131
SF346.1.mpg	278
SF379A.1.mpg	687
SF367E.1.mpg	931
SF2496.1.mpg	685
SF2191.1.mpg	741
SF2225B.1.mpg	618
SF2440A.1.mpg	322
SF2187.1.mpg	503
SF2204A.1.mpg	835
SF2192.1.mpg	554
SF2183.1.mpg	1107
SF2233.1.mpg	651
SF2179.1.mpg	674
SF2190.1.mpg	556
SF2175.1.mpg	399
SF2177.1.mpg	481
SF2174.1.mpg	683
SF2178.1.mpg	655
SF2186.1.mpg	618
SF191.1.mpg	673
SF2181.1.mpg	524
SF2204B.1.mpg	743
SF2189.1.mpg	973
SF2199.1.mpg	621
SF2172.1.mpg	593
SF2197.1.mpg	365
SF2206.1.mpg	445
SF2194.1.mpg	376
SF2188.1.mpg	378
SF2200.1.mpg	610
SF2225A.1.mpg	504
SF2171.1.mpg	712
SF190.1.mpg	496
SF2231.1.mpg	529
SF2180.1.mpg	308
SF2241.1.mpg	508
SF2184.1.mpg	588
SF2224.1.mpg	585
SF2237.1.mpg	697
SF2173.1.mpg	927
SF2176.1.mpg	676
SF2004A.1.mpg	587
SF2214.1.mpg	599
SF2074.1.mpg	943
SF179.1.mpg	670
SF2102A.1.mpg	629
SF2004B.1.mpg	620
SF2220E.1.mpg	528
SF2215.1.mpg	667
SF156.1.mpg	359
SF2376.1.mpg	861
SF2411.1.mpg	960
SF150.1.mpg	348
SF152.1.mpg	315
SF2369A.1.mpg	425
SF2408.1.mpg	570
SF3050.1.mpg	632
SF158.1.mpg	429
SF2377.1.mpg	748
SF2375.1.mpg	582
SF2394E.1.mpg	859
SF2366.1.mpg	666
SF2396A.1.mpg	529
SF1993.1.mpg	565
SF2367.1.mpg	714
SF2378.1.mpg	636
SF2394D.1.mpg	672
SF2393B.1.mpg	647
SF2386.1.mpg	635
SF154.1.mpg	569
SF162-164.1.mpg	492
SF2394A.1.mpg	487
SF2394F.1.mpg	788
SF2369B.1.mpg	674
SF159-161.1.mpg	532
SF148.1.mpg	301
SF2394C.1.mpg	523
SF153.1.mpg	403
SF2393A.1.mpg	422
SF2370.1.mpg	781
SF2373.1.mpg	573
SF2394B.1.mpg	447
SF2368.1.mpg	802
SF2396B.1.mpg	529
SF2392.1.mpg	480
SF149.1.mpg	260
SF155.1.mpg	968
SF151.1.mpg	268
SF2818C.1.mpg	577
SF1460B.1.mpg	499
SF3088A.1.mpg	555
SF1460C.1.mpg	495
SF1466D.1.mpg	768
SF3274A.1.mpg	456
SF1466C.1.mpg	683
SF3088B.1.mpg	573
SF1119D.1.mpg	665
SF1124B.1.mpg	367
SF1999C.1.mpg	806
SF1119E.1.mpg	463
SF2904B.1.mpg	772
SF3276A.1.mpg	767
SF1128F.1.mpg	725
SF3279.1.mpg	743
SF3061.1.mpg	429
SF2506.1.mpg	414
SF123.1 bl.a bröduppror 1917.mpg	952
SF2037.1.mpg	744
SF3287.1.mpg	745
SF618.A.Konstutställning Palladium 1928.mpg	862
SF616.1. Kontoret förr och nu 1928mpg.mpg	405
SF2689.1.mpg	739
SF622.1 Backhoppning 1929 Slottsskogen.mpg	683
SF2053.1. Spårvagn genom Gbg.mpg	845
SF2471.1 Gustafsberg 1920.mpg	786
SF2519A-F.1.mpg	3308
SF2552.1 Sieverts kabelverk 1930.mpg	368
SF943B.1 Artistfest Stadsteatern 1937 .mpg	628
SF3351.1.mpg	702
SF210.1 Vårt svenska folk 1919.mpg	402
SF2323.1.mpg	668
SF2463.1.mpg	620
SF2280.1.mpg	425
SF2847A-C.1.mpg	1594
SF2481.1 Meers samt emballageinsdustri 1920.mpg	527
SF2542B.1. Stockholmsutställningen 1930.mpg	521
SF871D.1. Östra Hamngatan.mpg	484
SF1971.1.mpg	870
SF2480.B.Agafyr mm.1924mpg.mpg	689
SF122 m bröduppror.1.mpg	675
SF2470.1.mpg	455
SF3313B.1.mpg	692
SF2012.1.mpg	636
SF2419.1 Telefonen för och nu 1924.mpg	783
SF2302.1.mpg	557
SF1908A-B.1. Det elektriska köket, 1926mpg.mpg	1509
SF1980C.1 Svenska indsustrier, 1920.mpg	615
SF1038B.1.mpg	726
SF1052H.1.mpg	741
SF1023B.1.mpg	497
SF1041B.1.mpg	506
SF2925D-E.1.mpg	839
SF1037B.1.mpg	865
SF1052D.1.mpg	804
SF1912A.1.mpg	574
SF1052F.1.mpg	640
SF1052E.1.mpg	706
SF2891B.1.mpg	568
SF3277B.1.mpg	629
SF1052C.1.mpg	602
SF1912B.1.mpg	491
SF1171B.1.mpg	396
SF1914A-B.1.mpg	962
SF1880.1.mpg	733
SF1933A-C.1.mpg	1502
SF1037E.1.mpg	937
SF1052G.1.mpg	548
SF1942A-C.1.mpg	1804
SF1998B.1.mpg	784
SF2987.1.mpg	606
SF1342C.1.mpg	659
SF3324.1.mpg	579
SF3087.1.mpg	462
SF1326B.1.mpg	905
SF1346B.1.mpg	556
SF1342D.1.mpg	471
SF1340.1.mpg	136
SF3311G.1.mpg	710
SF1847B.1.mpg	757
SF3346.1.mpg	708
SF1865B.1.mpg	816
SF1839B.1.mpg	515
SF1857B.1.mpg	795
SF2661B.1.mpg	405
SF1927A-B.1.mpg	1532
SF3183.1.mpg	596
SF866E.1.mpg	456
SF866F.1.mpg	658
SF1904A-B.1.mpg	1181
SF865C.1.mpg	701
SF3186.1.mpg	591
SF1918.1.mpg	378
SF3065.1.mpg	599
SF2854A.1.mpg	817
SF2664.1.mpg	625
SF3361.1.mpg	727
SF2998G.1.mpg	678
SF878D.1.mpg	363
SF1937A-B.1.mpg	1354
SF2854B.1.mpg	817
SF2510.1.mpg	558
SF3185.1.mpg	563
SF864B.1.mpg	469
SF1063B.1.mpg	462
SF3278.1.mpg	471
SF1061B.1.mpg	862
SF1072C.1.mpg	562
SF1043D.1.mpg	586
SF1999A.1.mpg	431
SF1049B.1.mpg	525
SF1073B.1.mpg	287
SF1043E.1.mpg	490
SF1043B.1.mpg	489
SF1999B.1.mpg	683
SF1062B.1.mpg	880
SF1043F.1.mpg	642
SF306.1.mpg	879
SF2864C.1.mpg	734
SF302.1.mpg	1796
SF314.1.mpg	836
SF323.1.mpg	478
SF2428C.1.mpg	793
SF318.1.mpg	572
SF304.1.mpg	885
SF310.1.mpg	793
SF333.1.mpg	261
SF312A.1.mpg	587
SF2864E.1.mpg	602
SF336.1.mpg	508
SF311.1.mpg	947
SF325.1.mpg	565
SF301A.1.mpg	492
SF338.1.mpg	349
SF2479A.1.mpg	608
SF3166.1.mpg	555
SF327.1.mpg	783
SF320.1.mpg	502
SF321A-B.1.mpg	988
SF339.1.mpg	272
SF2759.1.mpg	409
SF337.1.mpg	534
SF312B.1.mpg	708
SF317B.1.mpg	595
SF298.1.mpg	544
SF309.1.mpg	665
SF297.1.mpg	625
SF334.1.mpg	325
SF315B.1.mpg	567
SF2864B.1.mpg	1075
SF330.1.mpg	498
SF2464.1.mpg	351
SF2466.1.mpg	600
SF324.1.mpg	397
SF331.1.mpg	456
SF332.1.mpg	476
SF199.1.mpg	379
SF1882A-B.1.mpg	1059
SF317A.1.mpg	648
SF299.1.mpg	578
SF335.1.mpg	689
SF2864D.1.mpg	634
SF305.1.mpg	1139
SF2465.1.mpg	741
SF328.1.mpg	396
SF322.1.mpg	594
SF326.1.mpg	742
SF316.1.mpg	694
SF319.1.mpg	721
SF2864F.1.mpg	553
SF307.1.mpg	569
SF2864A.1.mpg	871
SF2953.1.mpg	781
SF308.1.mpg	1348
SF301B.1.mpg	611
SF3282A.1.mpg	665
SF3192C.1.mpg	595
SF910D.1.mpg	634
SF3097.1.mpg	538
SF3099.1.mpg	383
SF3093A-B.1.mpg	1505
SF3192A.1.mpg	660
SF908G.1.mpg	544
SF2860.1.mpg	888
SF909D.1.mpg	505
SF3096.1.mpg	662
SF1919A-B.1.mpg	1097
SF925C.1.mpg	361
SF3273.1.mpg	594
SF900C.1.mpg	656
SF909B.1.mpg	606
SF3286.1.mpg	590
SF2650C.1.mpg	763
SF2852A-B.1.mpg	1307
SF3192B.1.mpg	578
SF3095.1.mpg	612
SF901B.1.mpg	885
SF1900A-B.1.mpg	1015
SF2636.1.mpg	593
SF1903.1.mpg	352
SF832.1.mpg	631
SF909C.1.mpg	471
SF2623B.1.mpg	416
SF3121.1.mpg	750
SF830.1.mpg	483
SF847B.1.mpg	297
SF822B.1.mpg	725
SF838B.1.mpg	874
SF908F.1.mpg	705
SF1938A-B.1.mpg	1357
SF3123.1.mpg	545
SF827B.1.mpg	628
SF828B.1.mpg	652
SF833.1.mpg	578
SF2640.1.mpg	531
SF837.1.mpg	557
SF838A.1.mpg	558
SF844B.1.mpg	232
SF839B.1.mpg	683
SF829D.1.mpg	737
SF3177.1.mpg	859
SF818.1.mpg	611
SF843.1.mpg	557
SF826B.1.mpg	270
SF2642.1.mpg	431
SF1923.1.mpg	875
SF2638B.1.mpg	304
SF1913A-B.1.mpg	990
SF829C.1.mpg	820
SF842.1.mpg	483
SF2622A-B.1.mpg	1180
SF816C.1.mpg	373
SF822A.1.mpg	271
SF814.1.mpg	457
SF828A.1.mpg	617
SF2604.1.mpg	498
SF2605C.1.mpg	884
SF1941A-B.1.mpg	1453
SF2594.1.mpg	527
SF741.1.mpg	798
SF2609A.1.mpg	490
SF755.1.mpg	554
SF1910A-B.1.mpg	1038
SF1929.1.mpg	464
SF3146A-D.1.mpg	2520
SF746A.1.mpg	503
SF2593.1.mpg	698
SF768B.1.mpg	409
SF739C.1.mpg	830
SF2598A.1.mpg	628
SF738.1.mpg	536
SF2611A.1.mpg	466
SF2610.1.mpg	435
SF750.1.mpg	534
SF2615A-E.1.mpg	2930
SF735.1.mpg	365
SF744B.1.mpg	576
SF739B.1.mpg	836
SF760.1.mpg	416
SF742.1.mpg	287
SF757B.1.mpg	430
SF1936A-B.1.mpg	1493
SF2611B.1.mpg	278
SF756B.1.mpg	538
SF3074.1.mpg	485
SF2592.1.mpg	362
SF743.1.mpg	375
SF756A.1.mpg	691
SF1902.1.mpg	923
SF2609B.1.mpg	592
SF753B.1.mpg	731
SF2863B.1.mpg	754
SF2394G.1.mpg	829
SF2863A.1.mpg	645
SF204.1.mpg	319
SF2863I.1.mpg	464
SF243.1.mpg	529
SF2441.1.mpg	890
SF2863L.1.mpg	444
SF209.1.mpg	612
SF2756.1.mpg	450
SF2863C.1.mpg	694
SF2863E.1.mpg	460
SF3165.1.mpg	490
SF2383.1.mpg	666
SF2407.1.mpg	844
SF219.1.mpg	770
SF176.1.mpg	580
SF222.1.mpg	549
SF2417.1.mpg	801
SF2450.1.mpg	547
SF2863D.1.mpg	526
SF206.1.mpg	630
SF2863K.1.mpg	330
SF238.1.mpg	846
SF2421B.1.mpg	1082
SF231.1.mpg	499
SF220B.1.mpg	1000
SF1976.1.mpg	505
SF2456.1.mpg	1064
SF3038E.1.mpg	451
SF2394I.1.mpg	547
SF3038B.1.mpg	502
SF228.1.mpg	1133
SF2863H.1.mpg	251
SF2394J.1.mpg	707
SF2394H.1.mpg	819
SF2421A.1.mpg	973
SF218.1.mpg	800
SF2863G.1.mpg	630
SF2863J.1.mpg	389
SF220C.1.mpg	1172
SF2747.1.mpg	415
SF3073.1.mpg	775
SF232A.1.mpg	771
SF3038C.1.mpg	461
SF216.1.mpg	656
SF229.1.mpg	693
SF2863F.1.mpg	639
SF3038A.1.mpg	626
SF230.1.mpg	744
SF3038D.1.mpg	599
SF208.1.mpg	274
SF245.1.mpg	516
SF246.1.mpg	492
SF237.1.mpg	610
SF2444.1.mpg	832
SF215.1.mpg	524
SF2442.1.mpg	535
SF3112.1.mpg	666
SF734.1.mpg	492
SF703.1.mpg	853
SF701.1.mpg	601
SF3259.1.mpg	536
SF704.1.mpg	704
SF2550A.1.mpg	773
SF731.1.mpg	498
SF720.1.mpg	834
SF724.1.mpg	684
SF700.1.mpg	516
SF2567.1.mpg	559
SF725.1.mpg	526
SF1869A.1.mpg	672
SF719.1.mpg	914
SF728.1.mpg	723
SF1901.1.mpg	771
SF716B.1.mpg	885
SF3370B.1.mpg	1028
SF729B.1.mpg	642
SF2550B.1.mpg	211
SF702.1.mpg	774
SF2626C.1.mpg	951
SF698.1.mpg	361
SF732.1.mpg	548
SF1868B.1.mpg	470
SF699.1.mpg	226
SF706.1.mpg	618
SF2602.1.mpg	933
SF2566.1.mpg	630
SF2591.1.mpg	407
SF2590.1.mpg	620
SF708B.1.mpg	354
SF709B.1.mpg	377
SF717B.1.mpg	685
SF2679.1.mpg	716
SF2559.1.mpg	490
SF3370A.1.mpg	1033
SF726.1.mpg	653
SF2568A-B.1.mpg	1050
SF2558A-B.1.mpg	947
SF2565.1.mpg	571
SF2166.1.mpg	521
SF2161.1.mpg	545
SF2162.1.mpg	641
SF2163.1.mpg	591
SF2234.1.mpg	675
SF2137.1.mpg	469
SF2165.1.mpg	459
SF2160.1.mpg	388
SF2129.1.mpg	624
SF2205.1.mpg	900
SF2158.1.mpg	505
SF2136.1.mpg	557
SF2140A.1.mpg	834
SF2202.1.mpg	1075
SF2135.1.mpg	753
SF2155.1.mpg	527
SF2222.1.mpg	406
SF2138.1.mpg	654
SF2665.1.mpg	918
SF2142.1.mpg	837
SF2226.1.mpg	610
SF2140B.1.mpg	402
SF2170.1.mpg	622
SF2076.1.mpg	450
SF2139.1.mpg	701
SF2159.1.mpg	909
SF2134.1.mpg	645
SF2156.1.mpg	464
SF2145.1.mpg	953
SF2157.1.mpg	587
SF2164.1.mpg	590
SF2141A.1.mpg	728
SF2260.1.mpg	797
SF2144.1.mpg	712
SF2067.1.mpg	464
SF2055.1.mpg	645
SF2051.1.mpg	851
SF2169.1.mpg	677
SF2035.1.mpg	481
SF2056.1.mpg	575
SF3263.1.mpg	662
SF2072.1.mpg	829
SF2048.1.mpg	613
SF2063.1.mpg	511
SF2070.1.mpg	364
SF2050.1.mpg	506
SF2054.1.mpg	843
SF2062B.1.mpg	487
SF2068.1.mpg	440
SF2078.1.mpg	510
SF2065.1.mpg	588
SF2058.1.mpg	497
SF2094A.1.mpg	738
SF2049.1.mpg	566
SF2082.1.mpg	776
SF2154.1.mpg	672
SF2061A.1.mpg	611
SF2081.1.mpg	603
SF2061C.1.mpg	483
SF2123.1.mpg	539
SF2061B.1.mpg	536
SF2084.1.mpg	558
SF2039.1.mpg	641
SF2071.1.mpg	521
SF2052.1.mpg	838
SF2077.1.mpg	621
SF2038B.1.mpg	575
SF2066.1.mpg	663
SF3084.1.mpg	616
SF3216A.1.mpg	563
SF2932.1.mpg	548
SF3082.1.mpg	626
SF3080.1.mpg	597
SF2002.1.mpg	265
SF2001A.1.mpg	573
SF2273.1.mpg	846
SF2284.1.mpg	408
SF59.1.mpg	538
SF2749.1.mpg	325
SF2274.1.mpg	724
SF53.1.mpg	388
SF2271H.1.mpg	467
SF2271D.1.mpg	462
SF203.1.mpg	398
SF2301.1.mpg	671
SF2271F.1.mpg	439
SF1889A-B.1.mpg	1292
SF41.1.mpg	20
SF2277B.1.mpg	358
SF29.1.mpg	218
SF2303.1.mpg	613
SF2292.1.mpg	687
SF2282.1.mpg	819
SF62-63.1.mpg	470
SF2271B.1.mpg	408
SF2271K.1.mpg	399
SF43.1.mpg	274
SF2387.1.mpg	639
SF48.1.mpg	709
SF2271I.1.mpg	425
SF2283C.1.mpg	756
SF58.1.mpg	359
SF2271C.1.mpg	471
SF2746.1.mpg	452
SF2291.1.mpg	720
SF2293.1.mpg	467
SF54.1.mpg	290
SF2298.1.mpg	363
SF187.1.mpg	612
SF2750.1.mpg	282
SF2283A.1.mpg	334
SF2271J.1.mpg	451
SF2285.1.mpg	651
SF49.1.mpg	331
SF2271L.1.mpg	394
SF2294.1.mpg	558
SF2287.1.mpg	518
SF28.1.mpg	397
SF2304.1.mpg	832
SF2761.1.mpg	397
SF2289.1.mpg	706
SF3269.1.mpg	630
SF2277A.1.mpg	790
SF2405.1.mpg	665
SF2288.1.mpg	566
SF55.1.mpg	465
SF2278.1.mpg	467
SF2283B.1.mpg	620
SF2305.1.mpg	467
SF57.1.mpg	305
SF64-67.1.mpg	500
SF2318.1.mpg	634
SF2271A.1.mpg	478
SF2755.1.mpg	320
SF1892A-B.1.mpg	1069
SF2295.1.mpg	566
SF2351.1.mpg	778
SF2286.1.mpg	573
SF60.1.mpg	392
SF2279.1.mpg	679
SF56A.1.mpg	761
SF2281.1.mpg	636
SF2271E.1.mpg	441
SF2271G.1.mpg	454
SF2290.1.mpg	861
SF2297.1.mpg	639
SF586.1.mpg	777
SF620.1.mpg	278
SF606B.1.mpg	541
SF601A.1.mpg	607
SF611A.1.mpg	363
SF603B.1.mpg	772
SF3068.1.mpg	735
SF589.1.mpg	734
SF2527.1.mpg	481
SF607.1.mpg	317
SF601B.1.mpg	753
SF1944.1.mpg	602
SF582.1.mpg	408
SF2524B.1.mpg	279
SF2526.1.mpg	584
SF3049.1.mpg	385
SF583.1.mpg	660
SF2523A-B.1.mpg	1057
SF1946B.1.mpg	479
SF591.1.mpg	410
SF584.1.mpg	408
SF603C.1.mpg	725
SF595.1.mpg	632
SF1947.1.mpg	823
SF603A.1.mpg	695
SF2524A.1.mpg	749
SF1951.1.mpg	535
SF602.1.mpg	656
SF606A.1.mpg	597
SF1949.1.mpg	661
SF1955.1.mpg	931
SF593.1.mpg	857
SF592.1.mpg	470
SF3045.1.mpg	600
SF598.1.mpg	867
SF1950.1.mpg	628
SF605.1.mpg	660
SF1954.1.mpg	750
SF1948.1.mpg	365
SF1945A-B.1.mpg	1121
SF600.1.mpg	743
SF585A.1.mpg	438
SF615.1.mpg	424
SF588.1.mpg	726
SF614.1.mpg	455
SF604A.1.mpg	683
SF2495B-G.1.mpg	3136
SF610.1.mpg	411
SF590.1.mpg	617
SF2521B.1.mpg	581
SF617.1.mpg	361
SF619.1.mpg	272
SF2509.1.mpg	598
SF604B.1.mpg	706
SF611B.1.mpg	833
SF601D.1.mpg	754
SF594.1.mpg	362
SF613.1.mpg	366
SF1946C.1.mpg	621
SF599.1.mpg	756
SF1939.1.mpg	766
SF612.1.mpg	436
SF587.1.mpg	368
SF601C.1.mpg	723
SF608B.1.mpg	609
SF1943.1.mpg	382
SF2521A.1.mpg	490
SF597.1.mpg	688
SF3069.1.mpg	685
SF2041.1.mpg	665
SF2038A.1.mpg	416
SF2032.1.mpg	390
SF2069.1.mpg	679
SF2057.1.mpg	655
SF2153.1.mpg	756
SF2020.1.mpg	611
SF2033.1.mpg	682
SF2091.1.mpg	773
SF2024.1.mpg	944
SF2018.1.mpg	496
SF2021A.1.mpg	580
SF2092.1.mpg	860
SF2073.1.mpg	426
SF2025.1.mpg	406
SF2212.1.mpg	583
SF2027.1.mpg	626
SF2043.1.mpg	606
SF2040.1.mpg	805
SF2036.1.mpg	647
SF2021B.1.mpg	376
SF2047.1.mpg	589
SF2016.1.mpg	559
SF2060.1.mpg	635
SF2044.1.mpg	797
SF2808.1.mpg	977
SF2045.1.mpg	471
SF3257.1.mpg	1110
SF2042.1.mpg	648
SF2029.1.mpg	538
SF2031.1.mpg	498
SF2019.1.mpg	544
SF2094B.1.mpg	420
SF2119.1.mpg	318
SF2026.1.mpg	584
SF2101A.1.mpg	657
SF2028.1.mpg	639
SF2034.1.mpg	634
SF2030.1.mpg	885
SF2023.1.mpg	760
SF2216.1.mpg	635
SF2128.1.mpg	722
SF2479B.1.mpg	608
SF443.1.mpg	706
SF439.1.mpg	185
SF2492.1.mpg	539
SF2480C.1.mpg	722
SF438.1.mpg	428
SF442B.1.mpg	296
SF434.1.mpg	253
SF2504.1.mpg	803
SF446B.1.mpg	343
SF447A.1.mpg	586
SF445.1.mpg	505
SF462.1.mpg	223
SF431.1.mpg	303
SF2440F.1.mpg	884
SF449.1.mpg	743
SF2440D.1.mpg	662
SF2493.1.mpg	928
SF452.1.mpg	259
SF454.1.mpg	390
SF427.1.mpg	399
SF441.1.mpg	235
SF2494A.1.mpg	611
SF425.1.mpg	458
SF461.1.mpg	213
SF2494C.1.mpg	616
SF447B.1.mpg	700
SF3019B.1.mpg	674
SF1974A-C.1.mpg	1789
SF440.1.mpg	203
SF430.1.mpg	183
SF3039.1.mpg	784
SF458.1.mpg	202
SF1862.1.mpg	709
SF435.1.mpg	670
SF442A.1.mpg	351
SF2494B.1.mpg	824
SF2440C.1.mpg	779
SF3019A.1.mpg	554
SF426.1.mpg	439
SF444.1.mpg	870
SF437.1.mpg	239
SF2440B.1.mpg	908
SF457.1.mpg	352
SF2440E.1.mpg	635
SF446A.1.mpg	722
SF460.1.mpg	161
SF2440G.1.mpg	577
SF2494D.1.mpg	545
SF456.1.mpg	62
SF428.1.mpg	357
SF432.1.mpg	215
SF3339.1.mpg	599
SF1775C.1.mpg	598
SF3331.1.mpg	802
SF3334.1.mpg	1008
SF1784C.1.mpg	810
SF1789B.1.mpg	375
SF3337.1.mpg	621
SF1782.1.mpg	657
SF2220B.1.mpg	560
SF3320.1.mpg	387
SF2220F.1.mpg	593
SF2390E.1.mpg	614
SF11-16.1.mpg	714
SF2360A.1.mpg	363
SF2235.1.mpg	570
SF2239.1.mpg	409
SF2229.1.mpg	679
SF2263.1.mpg	838
SF1874.1.mpg	623
SF2259.1.mpg	501
SF2243.1.mpg	343
SF2252.1.mpg	741
SF2826.1.mpg	657
SF19.1.mpg	71
SF27.1.mpg	278
SF17.1.mpg	298
SF195.1.mpg	514
SF1981.1.mpg	572
SF2257B.1.mpg	720
SF2390C.1.mpg	513
SF2232.1.mpg	824
SF2240.1.mpg	649
SF8.1.mpg	508
SF2227.1.mpg	620
SF22.1.mpg	657
SF2249.1.mpg	623
SF2245D.1.mpg	510
SF20.1.mpg	86
SF2253.1.mpg	454
SF2246A.1.mpg	521
SF2268.1.mpg	653
SF3.1.mpg	695
SF2228.1.mpg	786
SF2390B.1.mpg	657
SF2238.1.mpg	527
SF18.1.mpg	375
SF7.1.mpg	147
SF2266.1.mpg	595
SF2272.1.mpg	511
SF2428A.1.mpg	928
SF6.1.mpg	67
SF2264.1.mpg	581
SF2250.1.mpg	520
SF3043.1.mpg	531
SF2245C.1.mpg	665
SF25.1.mpg	100
SF2247A.1.mpg	665
SF2245B.1.mpg	624
SF2265.1.mpg	569
SF2248.1.mpg	613
SF2270.1.mpg	589
SF9.1.mpg	634
SF1983.1.mpg	859
SF4.1.mpg	115
SF24.1.mpg	43
SF2255.1.mpg	718
SF2701.1.mpg	453
SF26.1.mpg	241
SF21.1.mpg	212
SF10A.1.mpg	561
SF2251.1.mpg	480
SF5.1.mpg	48
SF2245A.1.mpg	708
SF2247B.1.mpg	261
SF2360B.1.mpg	590
SF2256.1.mpg	598
SF2198.1.mpg	536
SF1894.1.mpg	570
SF1.1.mpg	745
SF2261.1.mpg	368
SF2257A.1.mpg	559
SF2.1.mpg	189
SF2258.1.mpg	659
SF2267.1.mpg	536
SF2230.1.mpg	484
SF2254.1.mpg	581
SF2246B.1.mpg	567
SF2275.1.mpg	678
SF23.1.mpg	297
SF3255A.1.mpg	548
SF1860C.1.mpg	725
SF3255C.1.mpg	520
SF1865C.1.mpg	481
SF3255B.1.mpg	542
SF3078.1.mpg	658
SF1176C.1.mpg	579
SF3085.1.mpg	698
SF3079.1.mpg	695
SF1967.1.mpg	599
SF3081.1.mpg	782
SF1968.1.mpg	639
SF2743C.1.mpg	609
SF1987.1.mpg	884
SF3077.1.mpg	622
SF1165C.1.mpg	802
SF3083.1.mpg	669
SF3341.1.mpg	499
SF3109A-B.1.mpg	1387
SF3221A.1.mpg	561
SF3340.1.mpg	975
SF1683B.1.mpg	820
SF3333.1.mpg	1050
SF3348.1.mpg	770
SF3221B.1.mpg	600
SF1744B.1.mpg	549
SF3311C.1.mpg	727
SF1748B.1.mpg	870
SF1762C.1.mpg	911
SF2001B.1.mpg	553
R1205.1.mpg	784
SJ35.1.mpg	942
SJ216.1.mpg	587
SJ-ISAM.1.mpg	2077
SJ218.1.mpg	284
SJ111.1.mpg	48
SJA9B.1.mpg	179
SJ3.1.mpg	111
SJ36.1.mpg	1308
SJA67.1.mpg	753
SJ100.1.mpg	750
SJ188.1.mpg	831
SJ70.1.mpg	599
SJ146.1.mpg	812
SJ30.1.mpg	98
SJ173B.1.mpg	579
SJ173C.1.mpg	605
SJ143.1.mpg	363
SJ173A.1.mpg	945
Nuet19C.1.mpg	513
Nuet36A.1.mpg	575
Nuet35A.1.mpg	816
Nuet24A.1.mpg	678
Nuet33A.1.mpg	485
Nuet39A.1.mpg	552
Nuet30A.1.mpg	536
Nuet22B.1.mpg	795
Nuet42A.1.mpg	567
Nuet19H.1.mpg	512
Nuet25C.1.mpg	432
Nuet48A.1.mpg	594
Nuet18A.1.mpg	783
Nuet19F.1.mpg	633
Nuet45A.1.mpg	551
Nuet25A.1.mpg	666
Nuet46A.1.mpg	605
Nuet20A.1.mpg	620
Nuet48C.1.mpg	699
Nuet19G.1.mpg	626
Nuet26A.1.mpg	669
Nuet27A.1.mpg	644
Nuet31A.1.mpg	519
Nuet23A.1.mpg	588
Nuet43A.1.mpg	557
Nuet16A.1.mpg	627
Nuet21.1.mpg	711
Nuet19J.1.mpg	639
Nuet14.1.mpg	654
Nuet19D.1.mpg	467
Nuet19I.1.mpg	602
Nuet19B.1.mpg	407
Nuet15C.1.mpg	659
Nuet27B.1.mpg	750
Nuet19A.1.mpg	560
